ID,TYPE,CATEGORY
000QGOjDszIbpBfsPDUW,CHALLENGE_SUBMISSION,DEFI
00TreawfeMvjvlQNP7Je,CHALLENGE_SUBMISSION,GAMING
01Zm4yanzVTXgRYgHyTm,DAPP,SOCIAL
06pf6BC3EgFla9JD35bV,DAPP,DEFI
0DzSRMkGOAK44b6td8Tb,DEV_TOOLING,DEV_TOOLING
0H44Po4q0jcEZXp6P3Cl,DAPP
0HZlJZFZv0rWuGJijR0G,CHALLENGE_SUBMISSION,DEFI
0IJQpPQpZ2KMBF9JVqJL,DAPP,GAMING
0KSwyiiYVjcmENcckMeo,DAPP,IDENTITY_REPUTATION
0NWPHNV7MhuMAnwcbcRA,INFRASTRUCTURE,GAMING
0OHRFPOerFYJI0vYjtxB,DAPP,DEFI
0Otj2JIboqTUqOnHfCos,DAPP,DEFI
0QO7lLz2tAlxc0JcX4IK,DAPP,NFTS
0RPrkYnzI6DFJv58fg7O,DAPP,NFTS
0XiixjBqbKqluguYpmFE,CONTENT,DAOS_GOVERNANCE
0bXotgBGgL8DaiD2mgOH,CHALLENGE_SUBMISSION,DEFI
0erpehhaPx2qwdklVc9A,CHALLENGE_SUBMISSION,DEFI
0fD1p1G3lakMxdBgV4F7,DAPP,DEFI
0fiw9P9y4UREcZVlZ0LF,DAPP,DAOS_GOVERNANCE
0ho6xSHbsdNrFPp1YNs1,DAPP,DEFI
0oVKGiPWA9gAqevBRy7H,CHALLENGE_SUBMISSION,DEFI
0u2Z6YHAxoCNrfHLsPNv,INFRASTRUCTURE,DEV_TOOLING
0zoCJ9v6jxQsZRQxUHOg,DAPP,DEV_TOOLING
0zuE50enyJNHUx8of1N2,INFRASTRUCTURE,DEV_TOOLING
13hTZyNkcGJIqKNiNX66,CHALLENGE_SUBMISSION,DEFI
14gthExN7I1dA5rWMdE6,DAPP,DEFI
14yLHhMarnyyIDiayAKo,DAPP,GAMING
16IRVfITBgpfNVHKDQvZ,DAPP,GAMING
179T3eqcMNr9573yBXIM,DAPP,DEV_TOOLING
1CVDpcZdBkeOm7ASaoqq,CHALLENGE_SUBMISSION,DEFI
1Gf8WgUUBdYBuRoyIYNs,CHALLENGE_SUBMISSION,DEFI
1KS38r7baZZmOxgPQFOK,CHALLENGE_SUBMISSION,DEFI
1NZj11bstd9vRJ3Zl68M,INFRASTRUCTURE,DEV_TOOLING
1Psc1eI4WkE3OzC9NKpY,DAPP
1aDpLRHhNnCOEHMpHgBj,DESIGN,DEV_TOOLING
1fKPoqLxX6VZWZQycTx0,DAPP,DEV_TOOLING
1h01xv7WOiveiFwewLS9,CHALLENGE_SUBMISSION,DEFI
1iuD4kRh11uCbhhP4pey,INFRASTRUCTURE,NFTS
1jT8jvTWaOwte355Ynuy,DAPP,DEFI
1jkd4PlNzkVqrtZC1cB6,CHALLENGE_SUBMISSION,DEFI
1kXzoFiwzWP5lc8bWo1Q,CHALLENGE_SUBMISSION,DEFI
1qkxZIxCNTA1QFFpRHMw,CHALLENGE_SUBMISSION,DEFI
1r3NOuVbH2Vuk7Vx6t7m,DESIGN,GAMING
1r3T0uWo4jFW5qcSB98F,DESIGN
1r93fSokvRhJu4s9ABZc,DAPP,NFTS
1wp15pZ39AOJf45ktkiw,INFRASTRUCTURE,DEV_TOOLING
1zzVnOJpYB9lGAxGJ4b0,DAPP,NFTS
22GtSs71YEtBIrY1GNI6,INFRASTRUCTURE,DEV_TOOLING
23Hvfr4aHZ0JAoH70NWs,INFRASTRUCTURE,DEV_TOOLING
26aeUexBFAsvq0ZP91wh,DAPP,DEFI
29GM6OPexfZJHWP0h8GJ,DAPP,DEFI
29luAWO608n35p5o7yRh,INFRASTRUCTURE,NFTS
2GRk654vKdBo7wyc5hFP,DAPP,DEFI
2Mv98ztIfO9VvRAHuGC5,INFRASTRUCTURE,DEFI
2N2ln8GKI3gWej613Xk2,CHALLENGE_SUBMISSION,DEFI
2OUVNfDqyun0AMr9N0zj,CHALLENGE_SUBMISSION,NFTS
2WukVG2NZzlZFiwhBuot,CHALLENGE_SUBMISSION,DEFI
2aVTNCq3NiwrCzrP4IxP,CHALLENGE_SUBMISSION,DEFI
2c8dWSeHKYCMIEzY1lXo,CONTENT,DEV_TOOLING
2dxjj3uYzvz8wSctTrIR,DAPP,DEFI
2fljWmpMkVdfxLlC5vdW,CHALLENGE_SUBMISSION,DEFI
2hr92L1uiC4WtDMjalLa,CHALLENGE_SUBMISSION,DEFI
2iZnzfAZZA4uEiHQcM7U,DESIGN
2jjnpvQgRWkPFznF1g35,CHALLENGE_SUBMISSION,DEFI
2jvwHLG0a5u11H4Z44da,DAPP,DEFI
2mELC1p8loIKaKadEkVB,DAPP,DEFI
2mFeRT6ISg5eQAH7lKsR,INFRASTRUCTURE,NFTS
2pp2Pffx9C55cwJmHIqo,DAPP,NFTS
2xABpcYqXeubb3TkbeZn,CHALLENGE_SUBMISSION,DEFI
321X2swiY6JpUY1U28CI,DAPP,DEFI
33CgULZDlROu4OmHKl7K,CHALLENGE_SUBMISSION,DEFI
34qA0yoHQpWq1koQD0zI,INFRASTRUCTURE,DEV_TOOLING
3B2BYnNgW8szCraRsdf1,DAPP,DEFI
3BofEKxZm4ZcIDgutk6R,DAPP,DEV_TOOLING
3BuVOHA7dUeql4hIKUOn,DAPP,RWA_SUPPLY_CHAIN
3CpdqtoRImuvuzfKEtsn,CHALLENGE_SUBMISSION,DEFI
3EVsK29sMqBnKBbao7oS,DAPP,SOCIAL
3Ijz2kfYW2ptgcG8DLiu,CHALLENGE_SUBMISSION,DEFI
3NH6YkFe8tCgSs2jtCCL,CHALLENGE_SUBMISSION,NFTS
3QtzWhJ7ZABTU52s4U7z,CHALLENGE_SUBMISSION,SOCIAL
3Tciat8W3Y6IAmkPQB6p,DAPP,DEFI
3Vidr7b08WETXToDkakx,CHALLENGE_SUBMISSION,DEFI
3XTXZUi2OrsSrxyICaJZ,INFRASTRUCTURE,DEV_TOOLING
3b14seKVa7u8RtcUeZ0f,DAPP,GAMING
3cqC6LZwUdiAJ4TBa6hA,DAPP,IDENTITY_REPUTATION
3l4lbewiGXvZrLX7wF8N,CHALLENGE_SUBMISSION,DEFI
3pP1WZXTBxC1wLP1i0iN,CHALLENGE_SUBMISSION,GAMING
3tpMrkuproxzJFZWPBQg,DAPP,PREDICTION_MARKETS
3wEl2RBw4BuaPbG51PIn,DAPP,DEFI
3yyv8FCywjBbzq7MW7jI,DAPP,NFTS
3zdTZJx6Au5qL6BDbdfc,DAPP,NFTS
41thfyIzzVX3Sj534yG2,INFRASTRUCTURE,DEFI
42qd7IMJwXoVXbfMOLlK,OTHER,DEV_TOOLING
459zMtV59E4fvEYuTBbS,CHALLENGE_SUBMISSION,DEFI
46LoXgPsrfXaAU4ONeap,INFRASTRUCTURE,DEV_TOOLING
49lrGGrNMKIVKsvBrK8K,DAPP,DEFI
4DxD5Wthh96eh4CyR68p,DESIGN,DEV_TOOLING
4F8Fu8Yo8ZujmMEXA4FM,DAPP,IDENTITY_REPUTATION
4GPCWNd54nzlW2eiFxce,INFRASTRUCTURE,DEV_TOOLING
4Nj5yIibZtwVf2TorFbE,INFRASTRUCTURE,DEV_TOOLING
4QaFYVy8MHqwhC1mOGXb,DAPP,SOCIAL
4Rp7LE6NqC7crQSJOve1,CONTENT,DEV_TOOLING
4YGd4JEhWqLF79bIvCK5,DAPP,IDENTITY_REPUTATION
4YnZD2caLaLfkS1H3XKt,INFRASTRUCTURE,DEV_TOOLING
4abQoAzk3PbOyszuqWP8,CHALLENGE_SUBMISSION,DEFI
4eIMeQH7ARoJyxOu1Cq6,CHALLENGE_SUBMISSION,GAMING
4fED98FEZXtnUWpmTmuR,DAPP,GAMING
4fhieAs8Vr1gFQmgJ2k4,DAPP,DAOS_GOVERNANCE
4ihRpkU46BRnkwbJSKlB,DAPP,DEFI
4jO2Q7tOrJNrR0TqTnUA,DAPP,NFTS
4lciBbC0st3ehKi3CQit,CHALLENGE_SUBMISSION,DEFI
4oLu5P5fmQkFi2oZykRl,INFRASTRUCTURE,NFTS
4rPs9OvRdkmJZy8Z0jX9,CONTENT,DEV_TOOLING
4v8NgczzpFL4vEEGcbfr,DAPP,NFTS
4zmj8adSCZwswZFqVUJ4,DAPP,DEFI
53KMFIYUtDUlSBjlw3YY,DAPP,DEFI
53xIAmczuMGpPSLlIwtg,DAPP,DEV_TOOLING
54GmK4o28eONoWnP3ESO,DESIGN,DEV_TOOLING
5C2xVyP7rx2l7nOn9wLl,DAPP,IDENTITY_REPUTATION
5ChcRSEoAuEki2CwtXoo,CHALLENGE_SUBMISSION,DEFI
5DO5liMzDOidL9kL46CO,DAPP,AI_AGENTS
5IXV0AolyWngGrRmfNXb,DAPP,AI_AGENTS
5LBRMgt6FvMUwis5XdPy,CHALLENGE_SUBMISSION,DEFI
5QbNjWP1P3OgcopF9GYV,INFRASTRUCTURE,DEV_TOOLING
5RHDDyNMpjQVWKAp8iVA,DESIGN,DEV_TOOLING
5SjhiJsByp8sfRJFKL8D,DAPP,IDENTITY_REPUTATION
5SpICyeO2VMdtneecg0C,CHALLENGE_SUBMISSION,DEFI
5UFwJSGfIxZgfvd1Y8eX,DAPP,DEFI
5USLze4S3jYjZ7Eo212s,DAPP,DEFI
5VzPuH1WAJ7pFeyLscdy,DAPP,DEFI
5WjhSzd4K8rNmpQLGMSA,INFRASTRUCTURE,DEV_TOOLING
5bJlxMOz4aB1rz05ZXUW,DAPP,NFTS
5ixAr1Bjn8kYzzbIemTL,DAPP,NFTS
5iz3okwVuuIuucr9Oh4q,DAPP,DEFI
5kDZSaE98G7bZIz5P9Wd,CHALLENGE_SUBMISSION,NFTS
5kdac5y8hL5aBk5BoJuJ,CHALLENGE_SUBMISSION,GAMING
5pkoL47mh06ytrRuHpjW,CHALLENGE_SUBMISSION,DEFI
5vm7OIKDCABjWF8kGhPx,DAPP,DEV_TOOLING
640HY3y35DXy0Hxx39ZQ,DAPP,DEFI
6JZBiYsLbfZ06SrQGyGz,DAPP,NFTS
6N5GCgL5eUO81Dq1TGT4,CONTENT,DEV_TOOLING
6OzSBK8adHSpHsWS9Lw5,CHALLENGE_SUBMISSION,DEFI
6QIrQmxpx2H43tQDObLc,DAPP,SOCIAL
6Qr52R90eaBgfqkapkzm,DAPP,GAMING
6aHSRcWqyY6aFBaUxHJP,DESIGN,DEFI
6azUXA8teEaEFn4yyice,CHALLENGE_SUBMISSION,GAMING
6e3T0FcsP0Oigv1HELqO,CHALLENGE_SUBMISSION,DEFI
6trJoypwTAAvzbSOUsuw,CHALLENGE_SUBMISSION,DEFI
6ue2tC7eAXCif4ToX839,DAPP,DEFI
6ugesFXA3tLzIrcZAlQE,CHALLENGE_SUBMISSION,DEFI
6x74QlcDXDMtWpQjVdt9,DAPP,DEV_TOOLING
7ApVuyXkXFrE4KTPohPo,DAPP,NFTS
7FWyLQnJHEgGM3DtKtvf,CHALLENGE_SUBMISSION,DEFI
7HRviZ9mDRTcKc46CGjP,CHALLENGE_SUBMISSION,GAMING
7SRqYYVlt5KqrbeeqHDZ,INFRASTRUCTURE,DEV_TOOLING
7Z7fcTUB7FTHVEnelTFV,DAPP,DEFI
7cQMzEfC4hG2bJ2deoXf,CHALLENGE_SUBMISSION,DEFI
7e2OVM0W9NGTVIKropQW,CHALLENGE_SUBMISSION,DEFI
7ijveHRpIP2fXjOyj8MT,CHALLENGE_SUBMISSION,DEFI
7jufAJqUjiNDYeeGEmYm,CHALLENGE_SUBMISSION,GAMING
7oLayUljl2ifT7iXVdMO,DAPP,IDENTITY_REPUTATION
7zYNQlOwPKH0wCErcd5r,CHALLENGE_SUBMISSION,DEFI
83NB3rurjLbB4Ul4y3WR,DAPP,DEFI
85brW7I76bS9OyMMsqEh,INFRASTRUCTURE,DEV_TOOLING
8CHxBn4DMht7AQniQDwh,INFRASTRUCTURE,DEV_TOOLING
8CIWtu0ey1WMG03Lo40x,DAPP,IDENTITY_REPUTATION
8FRl4WQ5WUhfe3JJ7ukZ,CHALLENGE_SUBMISSION,GAMING
8KqI2YCe5Pt1bOprmFsy,DAPP,SOCIAL
8NEdHSv4I4bKz6mMnsOv,DAPP,PREDICTION_MARKETS
8P7oE0RFTaaa7mrXUull,INFRASTRUCTURE,DAOS_GOVERNANCE
8QtiapyiaEsMReY3Bgdd,CHALLENGE_SUBMISSION,DEFI
8RNZfLY01HUxgviswq2e,INFRASTRUCTURE,DEV_TOOLING
8V9UuqywXMTq0kFwDjsY,DAPP,NFTS
8Y9PDLctjSddl4OcWZFV,CHALLENGE_SUBMISSION,DEFI
8abOTAZfEqOGxXFClGpw,INFRASTRUCTURE,DEV_TOOLING
8fst6t4MHXnCwvLsNKwl,DAPP,IDENTITY_REPUTATION
8xxDexWnRSnpMHuYA4N4,DAPP,DAOS_GOVERNANCE
9AIvWKF3ep9RB8S9pyG0,INFRASTRUCTURE,DEV_TOOLING
9APRrgE71ZAVwSzRwN25,CHALLENGE_SUBMISSION,DEFI
9AexQw5n5PIhRfGrqjcd,CHALLENGE_SUBMISSION,DEFI
9BMmMTeFn6xbtiyzCIWG,DAPP,GAMING
9BvVGqIGNDmnlv0m2P9h,DESIGN,DEFI
9ExMQzLPFfIRe2n7o5pu,DAPP,DAOS_GOVERNANCE
9G7ytjIn4PbHukkm3FUY,DAPP,DAOS_GOVERNANCE
9OS8e28VnKxDjO5ZbuPV,CHALLENGE_SUBMISSION,NFTS
9PXVU3K5OVglwkHbB4Oi,INFRASTRUCTURE,DEV_TOOLING
9Ph3gIrnHSSHXKLhlNVF,DAPP,DEFI
9SrWZAvF9ghSLJm7Eu1y,INFRASTRUCTURE,DEV_TOOLING
9Y6ZXUBXgFyxeOP2qh6i,CONTENT,DEV_TOOLING
9ZNfmEmfezEQ63a8H1i7,DAPP,DEV_TOOLING
9nWV5mZe25jKA09Lw6DG,CHALLENGE_SUBMISSION,NFTS
9oZYBSJJ8lPO7bzvPVaG,INFRASTRUCTURE,DEV_TOOLING
9uXW8LEWrWXzXajz84PD,INFRASTRUCTURE,DEV_TOOLING
9xWdHUHZIl5UcXrqHPlP,DAPP,GAMING
9xhWafLL1lJw052TsKgB,INFRASTRUCTURE,DEV_TOOLING
A2ZpajuIot4la2X3XpeO,DAPP,NFTS
AJflWhgX7esuj0y9rC8f,DAPP,SOCIAL
APZywZSX6k4dSUzbBDDI,CHALLENGE_SUBMISSION,GAMING
AQ8gyAZ44DJnzgO978dG,CHALLENGE_SUBMISSION,DEFI
AQDVQy1ntbfT3c4tQ5jy,DAPP,DEFI
AR5fHYG8HGE6WoyujRCe,CHALLENGE_SUBMISSION,SOCIAL
AS1aPBxeCQ2KaV01MXvM,CONTENT,DEV_TOOLING
AW2yZvKatXMCNoLFutgm,CHALLENGE_SUBMISSION,DEFI
AXKn55r03vvlYO7xlOFz,DAPP,PREDICTION_MARKETS
AYoHXdcP22YRhZPXRJFi,DAPP,DEV_TOOLING
AbvljGYP72iEIOXY0GCg,DAPP,NFTS
Ae79krX3qKbC72ALJAs6,DESIGN,NFTS
AeGJBNsqkWvyt3jPbEbn,CHALLENGE_SUBMISSION,DEFI
Ahxz73PLcVpFl8b7AxvS,CHALLENGE_SUBMISSION,DEFI
AihiEOXJVdQQbDzqZwyk,OTHER,SOCIAL
AoRu1qie2twTBClJSqM5,INFRASTRUCTURE,DEFI
Aoqa9gmFJfs6HRx4WIx4,CONTENT,DEV_TOOLING
AoqtI15dE8auhY1ltCRa,INFRASTRUCTURE,DEV_TOOLING
ApjWAvjEoAaYXm9qNAWR,DESIGN
Aq6nTs2S3xnT2GTpCYof,CHALLENGE_SUBMISSION,DEFI
AsdohGLc4tVbZ9ruQZNW,DAPP,IDENTITY_REPUTATION
AsitDByTSKNUo1RuDlGj,DAPP,SOCIAL
AuyB2d2IydtOEvePeyNN,DAPP,RWA_SUPPLY_CHAIN
AzE5gq7r31UKuC5Wd3BT,DAPP,DEFI
B0f1Yh8aIxl5Vx5vhkcK,CHALLENGE_SUBMISSION,DEFI
BAKFLMKG02sQPjIIBu7Y,INFRASTRUCTURE,DEV_TOOLING
BAy6WpGzp7qQgMUOLRsa,CHALLENGE_SUBMISSION,DEFI
BBzZtwgTchG4oEzje031,DAPP,DAOS_GOVERNANCE
BCx6erFvrViCtrhXt3TM,CHALLENGE_SUBMISSION,DEFI
BJ2bDyF1SSnKlZW8ZY6n,INFRASTRUCTURE,AI_AGENTS
BJxNES612xamBWtliwyK,DAPP,NFTS
BTSxd5JWiMvmwgZ1zKyo,INFRASTRUCTURE,DEV_TOOLING
BZKfaU30tURF1XOhZ563,CHALLENGE_SUBMISSION,DEFI
BbmWYbdXhFHvC6thqKHp,CHALLENGE_SUBMISSION,DEFI
BcNth3LbtOAPwNEHeR0D,CHALLENGE_SUBMISSION,GAMING
BdJLm52P3tyMhVyW09GQ,CHALLENGE_SUBMISSION,DEFI
BeCrh4o9S3JPSdUqiNAP,CONTENT,DEV_TOOLING
BeyVyZuAvbFnUWjVbJ7U,INFRASTRUCTURE,IDENTITY_REPUTATION
BgKJ0TaZyJtdOkVmYfnU,INFRASTRUCTURE,DEV_TOOLING
BhwdOzog2kyBb9JNSMRA,DESIGN
BioPMDdJw5O7GdUPf8I2,DAPP,DEV_TOOLING
BjcWLV3vS9dWj37qRkyq,CHALLENGE_SUBMISSION,DEFI
BkJy6mlNg4ES9xopRIJ5,INFRASTRUCTURE,DEFI
BrhOvJXxQ9WLK3Y04sQ0,INFRASTRUCTURE,DEFI
BrzYgwFoP3YwsavBNMBY,DAPP,DEFI
Btc6WyARXPJMK19MaOb1,DAPP,GAMING
C0aowRNU7SWlLXkLZULY,DAPP,NFTS
C4Arfk2ERkRd26Geeozs,CHALLENGE_SUBMISSION,DEFI
CGIbkzw4UBQp23fgcUcY,CHALLENGE_SUBMISSION,DEFI
CM4W2KJWzUU8ORb0P73O,DAPP,NFTS
CMaBRk73MmhnzJvQ9Jaf,INFRASTRUCTURE,DEV_TOOLING
CMfSeomkPPPgJy63RWKU,DAPP,NFTS
CSWCRinOjGgtBJouU7za,INFRASTRUCTURE,DEFI
CW4nIUAkhLbQ1wt7KCdx,CHALLENGE_SUBMISSION,DEFI
CXHaD1uEeWyvHdxh9gEr,CHALLENGE_SUBMISSION,DEFI
CYWyhScjdu7hdTRsJTUn,CHALLENGE_SUBMISSION,DEFI
CkZNOGAyeTLq6n1hNEGV,OTHER,NFTS
CrR3NKTqaP1qkCfff3AU,DAPP,DEFI
Cuus5xAE1oamXlbUNLTL,CHALLENGE_SUBMISSION,DEV_TOOLING
CvHgRXB1iabbr7q8AfRi,CONTENT,DEV_TOOLING
CvcaKiBJXPX2S1qCc8mv,DAPP,DAOS_GOVERNANCE
CwmRMeN41Zw6Am941wL1,CHALLENGE_SUBMISSION,DEFI
CxeW91hpjqJJFdi4Hp5T,CONTENT,DEV_TOOLING
Cy6UaNdlsHVdj0gqzU80,DAPP,DAOS_GOVERNANCE
CzDWSjPQulpUORHtuYUB,DAPP,DEFI
D0O3EhMerLcsqYVQs5zO,CHALLENGE_SUBMISSION,DEFI
D4EHA7nqSAq6F3yjRy5f,CHALLENGE_SUBMISSION,DEFI
DA6dDbouOKs9V8fKordk,DAPP,DEFI
DB22U9EnIwZkjugYvtan,DAPP,SOCIAL
DEDJtIptAJXLnWfyguv4,DAPP,DEFI
DLCtHt1logVhCKUZmFBu,DAPP,DEFI
DLhde4hJIfodruBRP2vZ,CHALLENGE_SUBMISSION,DEFI
DMxldcQ7ttdHpjR1ROTg,CHALLENGE_SUBMISSION,DEFI
DNKShuCrfXmFxn1iyHCz,CHALLENGE_SUBMISSION,DEFI
DW4n29Xne3U1oe2do9zV,INFRASTRUCTURE,DEV_TOOLING
DcLR08s8yIHmqwjeeaQw,CONTENT,DEV_TOOLING
DdgN2U9fG3wbVXF13Qrc,DAPP,GAMING
Df19u4Fs20sht9v9lSMn,CHALLENGE_SUBMISSION,GAMING
DmJEAATIqKfDNrewf6wp,CHALLENGE_SUBMISSION,DEV_TOOLING
DnNsYs9yXdypht2NgkH6,DAPP,GAMING
DzJcsd5y2fBvIhdEY7Iq,CHALLENGE_SUBMISSION,DEFI
E0fU4LVTHRwKivzpbJxM,INFRASTRUCTURE,DEFI
E2EwHdgxj6Qx6nSIQR14,DAPP,GAMING
E2Xkp2DpPXyZSTfP1lpw,OTHER,DEV_TOOLING
E5lVsrrDo1VEf0tfktSz,DAPP,NFTS
E9cdqKPDujcbwPb22egZ,DAPP,DEFI
ECwiw2YreRsEw10ktW9q,DAPP,DEFI
EDXYePgw73AyCpvnexWd,CHALLENGE_SUBMISSION,DEFI
EFXYEWnevXfwBxflOGqH,DAPP,NFTS
EFgIbLE3fe5qIfGGCeBC,DAPP,GAMING
EFwA9LxVdX9eYQJGDaJw,CHALLENGE_SUBMISSION,DEFI
EIj7vCdrnMKfcIL31eOx,CONTENT,DEV_TOOLING
EM6s3FtqWGRFaZDVdpvo,DAPP,GAMING
EN9uIu8eTrMWutS3Qm5O,DAPP,GAMING
EcCZBkrSgNcX48Z6cTy9,DAPP,NFTS
EhvFkUouV1qwaZAQC8Fg,CHALLENGE_SUBMISSION,DEFI
EkbuyFm9gYwn27nja7m3,DAPP,GAMING
ElwBAcmpXukgkvLG5J3r,CHALLENGE_SUBMISSION,DEFI
EqzqSfqvKB1hIj0ZLMFh,DAPP
Eyb3JtrmPirdiAPwx1p5,CHALLENGE_SUBMISSION,DEFI
EzB51fnz6x2a15gphNUq,DAPP,DAOS_GOVERNANCE
F2TbFdgKyvHOyNlqukVw,DAPP,DEFI
F3ct2SF0oh66SP1AQZIH,CHALLENGE_SUBMISSION,DEFI
FDW99x19Iy4mn2zJD7lL,CHALLENGE_SUBMISSION,DEFI
FLYlB9bvImgFMBDgLAz3,CHALLENGE_SUBMISSION,NFTS
FUXtg78nAQM0zRP4NP3O,INFRASTRUCTURE,DEV_TOOLING
Fb6tZWh8N32Hb1n7tVBc,DAPP,DEFI
FbXMHd82QWcBD2OKqTts,DESIGN,SOCIAL
FcGpnsL9HPhdbzBvHJL2,DAPP,DEV_TOOLING
FkBC1hmyOsIodcIWnMdH,DESIGN,SOCIAL
FkhdhdOFnFwKgeLKssW0,DAPP,GAMING
Fl9QvVOqw4JQJpyWXjJT,INFRASTRUCTURE,DEV_TOOLING
FqOOssBi3uQ9d5C2XwZx,DAPP,NFTS
Frd8HzTyaBDhGugagvOi,CHALLENGE_SUBMISSION,DEFI
Fv5b1M8WVsQSAutIgpFd,CONTENT,DEV_TOOLING
FvFDzeziFjgi6CZ4zYsC,CONTENT,DEV_TOOLING
FwrsUuDAHKyIxKYFKEi7,CHALLENGE_SUBMISSION,DEFI
FxPywXithdcRLOEjcUxw,INFRASTRUCTURE,NFTS
G2tbiaqy4cyMvIuVMkuM,DAPP,GAMING
GBNNEiaQ8QUHfpPkdTkz,CHALLENGE_SUBMISSION,DEFI
GCZjNZI8QlCc7WSEAUzl,CHALLENGE_SUBMISSION,DEFI
GFlCIPkHxcYZwe2HMnN1,INFRASTRUCTURE,DEV_TOOLING
GHdaitj9da8anSLNjtnv,INFRASTRUCTURE,DEV_TOOLING
GR4D2vG938RyTdFCTt7T,DAPP,DEFI
GXkIgymwD6UQAq0n2yJm,CHALLENGE_SUBMISSION,DEFI
GauHqp3mWY47iYZaxGbG,INFRASTRUCTURE,DEV_TOOLING
GcUhTb0KRB8oS6W7N2uG,DAPP,GAMING
Gfi2cVNnCzNBXr9XGNJc,INFRASTRUCTURE,DEV_TOOLING
GfqoJNseGiP7NxzOCorL,DAPP,DEV_TOOLING
Gm1ZltthnENX4seUZGji,DAPP,RWA_SUPPLY_CHAIN
GnxJEkVH0dijSUKoa56c,INFRASTRUCTURE,DEFI
Go6Iz8V8ttQnrlCJ69Pb,CONTENT,DEV_TOOLING
GtqobbGm9kpBR2rCHv2S,CONTENT,SOCIAL
GuO7W3k2md5YdCKfx5il,CHALLENGE_SUBMISSION,DEFI
Gv4OUCJB5ukDFGhjgO6z,INFRASTRUCTURE,DEV_TOOLING
GxdMOP42LZU51fbsHmUD,DAPP,DEV_TOOLING
H1quSNVo4ySUljHW74Qb,DAPP,DEFI
H4o6haofuEmqI2gCYqgz,DESIGN,DEV_TOOLING
H7AtTDtQOQ0h6wRT1A0G,DAPP,GAMING
HBZ9fkxjipMFeFDzhIMu,INFRASTRUCTURE,DEV_TOOLING
HIpL84NKr4MrXw9DQKPh,INFRASTRUCTURE,DEFI
HQMrMTsnmFWrdNgoy1R2,CHALLENGE_SUBMISSION,DEFI
HQlDCQH2u7MPIVRTkc65,DAPP,RWA_SUPPLY_CHAIN
HVeF0E4W2YdRk51Sxbqy,DAPP,AI_AGENTS
HZ1uSYSmEoHpKpw9zkK7,DAPP,DEFI
HZfkmf3FPhtxxEYY4PC4,CHALLENGE_SUBMISSION,GAMING
HaBEfrCVknR71ZEshvmM,INFRASTRUCTURE,NFTS
HgdbrE9CNJZwtoSUVuyG,CONTENT,DEV_TOOLING
Hgwr4kEFeiGGeLuZwuO9,CONTENT,SOCIAL
HhZvEu7ajMKb2IU1Sktz,DAPP,DAOS_GOVERNANCE
HiTFz360wFTeFHD3tuFm,DAPP,SOCIAL
HzCvPhqreIl9IOAt7LJB,DAPP,DEV_TOOLING
I0QAaANzFK9V3qacQG9V,DESIGN,DEV_TOOLING
I14K5ehhiGr12KuuAsrz,DAPP,DEFI
I6YlFXTWtsjjrK3sMEca,CONTENT,DEFI
I8Qv00zx8rNOr2yG7qC0,INFRASTRUCTURE,NFTS
IIr0SmCUEiAqJ3PT4TFI,CHALLENGE_SUBMISSION,DEFI
IJTzdXWv9KTePQO2s91E,CHALLENGE_SUBMISSION,DEFI
IJWdxflDLwuSVv7T0Lg9,DAPP,DEFI
ILsU0wW3gDh3S11fDPtm,DAPP,SOCIAL
IMs2ytEuKcyvYUM8cjzq,CHALLENGE_SUBMISSION,DEFI
INlUytsN4p2xbchEBRUj,DAPP,DAOS_GOVERNANCE
IPGy2vAqJlfELGSS0Fv6,CHALLENGE_SUBMISSION,NFTS
IRStz8M0Lnkp8TiYu4jt,INFRASTRUCTURE,DEV_TOOLING
IabcRTABreg27cD0Vitg,DAPP,DEV_TOOLING
IadcoHYtWYT13MEUQQYS,DAPP,SOCIAL
IcU4iRDGJVN2t6QdtvP9,DAPP,DEFI
IeicFvtARPAWYH5O9jrB,DAPP,NFTS
IixoZR2MEZ2SdBWlhr2O,CHALLENGE_SUBMISSION,DEFI
IkiMrVltTq0N800mMiUw,CHALLENGE_SUBMISSION,DEFI
IrDUvLsBeU7t29WRtKgK,DAPP,DEFI
Is7p3FyZHUAmj08Eu0Ph,CHALLENGE_SUBMISSION,DEFI
ItKedxWVEaX9OcCrphMu,DAPP,DEFI
IxDRaB3bGtmO7q2cVJii,DAPP,NFTS
J2zCO2IsCGZUCopv2p12,DAPP,DEFI
J4QdaQcVyecXTnrLena1,DAPP,DEFI
J5yZvW4E4R07ogs8pvyT,CHALLENGE_SUBMISSION,DEFI
J8b8boRcAzLc7gJGtlIo,INFRASTRUCTURE,DAOS_GOVERNANCE
JCfmD3M63sv8IAbGCCmH,DAPP,NFTS
JDyvmxkfabABUMGNW4s0,INFRASTRUCTURE,DEFI
JE9YFYPQOifWHw4mGX4r,DAPP,DEFI
JFKCkRgPOh4NBKTWoEM4,DAPP,DAOS_GOVERNANCE
JMR38q1aX8ZIFXDx2IZ2,INFRASTRUCTURE,IDENTITY_REPUTATION
JTAmsWjir4OyeAD1Khro,DAPP,NFTS
JX07MFRuA8gG1QWwpYHT,DAPP,DEFI
Ja7cZoYj37OsoJdmKOA0,INFRASTRUCTURE,DEV_TOOLING
JdXXkyyVdm8etbgtX2HG,CHALLENGE_SUBMISSION,DEFI
JglAlGaBKtDx7mFLM2uo,CHALLENGE_SUBMISSION,GAMING
JhQzglQBav9wBqJNBl5z,DAPP,NFTS
JjiEspodEVfpnkOsty5I,INFRASTRUCTURE,DEV_TOOLING
JmOSWktWyneoXXTN1yj4,DAPP,RWA_SUPPLY_CHAIN
JpEX6y8fTTARhFAdZUhn,CONTENT,DEV_TOOLING
JvfjngeihWzmrQsNC4JJ,OTHER,SOCIAL
JwWJOSxAsHo68JaVFQzo,DAPP,NFTS
JxZE8t5mbpomVPHUgWqL,DAPP,RWA_SUPPLY_CHAIN
K0Js3YGfcNkCBLV7vcZS,DAPP,IDENTITY_REPUTATION
K8ZeIQpDppu4m0IQsd9M,CONTENT,DEV_TOOLING
KNvUg0V6XAp7vM6oAan1,CHALLENGE_SUBMISSION,DEFI
KOKaHd3uFZJkKDRGyeHJ,DAPP,DEV_TOOLING
KU8rE0AZYFCpMIX5423v,DAPP,DEV_TOOLING
KUxStMK0HeYMdnI8UH4p,CHALLENGE_SUBMISSION,DEFI
KX3wkVAZnGmiysebGytf,DAPP,DEFI
KaXuyFYGP7JaQMX3gdpY,DAPP,DEFI
KbAoLY16JaMygN6FnQ8j,DESIGN,DEFI
Ke4ZgnP1cjlyRLh8KCsu,DAPP,DEFI
KoKwtBX6FCHFDjFaQqc2,DAPP,NFTS
Kr5lOarViGdMJKzUgfGe,CHALLENGE_SUBMISSION,DEFI
KsSuAtvgCJpXXHB5Ph2b,DAPP,NFTS
KuJ3XuJKeecPyodnrUCA,CHALLENGE_SUBMISSION,DEFI
Kxu3Oj2S8RT7EW8ockvG,CHALLENGE_SUBMISSION,DEFI
L0FsqYAaEcYO8GUK30Sa,INFRASTRUCTURE,DEV_TOOLING
L0wr4AtUkjXIEAhP6y0g,CONTENT,DEFI
L3iUZsLu0KdoNRAScrD8,DAPP,DEFI
LA7yoLMTNE5ijCQiywbG,DAPP,DEFI
LDXmfAX84EBkGvIsioq4,CHALLENGE_SUBMISSION,GAMING
LKfWO7ET321ZX4vCm3DO,DAPP,DEFI
LOfNrsHkb1LAmr6WewAo,INFRASTRUCTURE,DEV_TOOLING
LPoia03Y8bVgrC1MDiCk,INFRASTRUCTURE,DAOS_GOVERNANCE
LQane0FtluzI8l3kwQGL,DAPP,DAOS_GOVERNANCE
Lak2b4tou8IhyP3zOkaH,INFRASTRUCTURE,DEV_TOOLING
LhXAxjaQq1xEXSeUqM2H,CHALLENGE_SUBMISSION,GAMING
Lj6bZoZshKhQdzNYMYuJ,CHALLENGE_SUBMISSION,GAMING
LldsrjFmUqXzmGqlf7Ul,CHALLENGE_SUBMISSION,DEFI
Lr5UT0nN1FPyN7HLlOgg,CONTENT,DEV_TOOLING
LrE7pyj8xB6PMjLeGSjd,DAPP,SOCIAL
LtD3F6zhypqdrMkjqLu8,INFRASTRUCTURE,DEFI
LxuJmxuUOL7S0U6fWC5l,INFRASTRUCTURE,DEV_TOOLING
M45lvze655NkMSWvuvEN,CHALLENGE_SUBMISSION,DEFI
M6Q62rUyeDOqnVr8cPr4,CHALLENGE_SUBMISSION,GAMING
M8ANayiNDxYLtjPdCjNl,DAPP,GAMING
M8DHBjXgRGpUf7fl3qEZ,INFRASTRUCTURE,DEV_TOOLING
M990mxIbYizmv0wFBl6M,CHALLENGE_SUBMISSION,DEFI
MAwiZpuLCZqiIcF8Dw0w,DAPP,NFTS
MFEpdqYi1aBtskcb91z8,DAPP,GAMING
MGTBiwGqu85yEWBOwCqV,CHALLENGE_SUBMISSION,DEFI
MINVRoKfXZOgO6nsxUp0,DAPP,PREDICTION_MARKETS
MQA6lhAsh797Y7FZ6pUr,DAPP,RWA_SUPPLY_CHAIN
MTgO0bK6WrxOjieCbww1,DAPP,IDENTITY_REPUTATION
MVYujvNl8FyVANvnsOca,DAPP,GAMING
MWAgjLqZAilxG0K9mDPN,CHALLENGE_SUBMISSION,NFTS
MZan6QlBfopM2fxVOg80,CONTENT,DEV_TOOLING
MbKgXscyv0FxWUVIifXx,CHALLENGE_SUBMISSION,DEFI
MiYvrzYcWd6UuYermx0B,DAPP,DAOS_GOVERNANCE
MtLaUN9TMq2U2LK5aM7E,CHALLENGE_SUBMISSION,GAMING
Mu3BKVYr0Nn9mC560riB,CHALLENGE_SUBMISSION,DEFI
MuGgMXLmGKohAXL3LG1h,CHALLENGE_SUBMISSION,GAMING
MvM27AWMY64s003bNBEU,INFRASTRUCTURE,DEV_TOOLING
MwAtm6Vu1AqBnUHklVNO,CONTENT,DEV_TOOLING
N6ePPyfP5YmDIZjzOdHc,CHALLENGE_SUBMISSION,DEFI
N7xzOCa9iUJ5iAhVTsbK,CHALLENGE_SUBMISSION,DEFI
NERyS2MRIahsSXIksvgP,INFRASTRUCTURE,DEV_TOOLING
NFncRYkCImaCv2CBOz0V,CHALLENGE_SUBMISSION,GAMING
NG1tmNbgMnejy8CDgyXP,DAPP,NFTS
NGy0I4XC2yzbC0Bn7stO,DAPP,DEV_TOOLING
NIaxd4Hi7qjRFD1Cptj6,DAPP,DEFI
NJydOPHZUJaRcOdIWN6Z,DESIGN,DEV_TOOLING
NKbSXEQRKqi1FeAW5arU,DAPP,SOCIAL
NN4btHyQuO7vzo5umuMx,CHALLENGE_SUBMISSION,NFTS
NRNIUj2S5G7cIYZ6fTon,DAPP,DAOS_GOVERNANCE
NS3RvhsjrD4F34nbcZCL,DAPP,NFTS
NYesiPa3p8t740yn8fxP,DAPP,DEFI
NZpVg6r2nbOddswVfHTX,DAPP,NFTS
NaUy3kqTDnjmfbThCtKv,DAPP,DEV_TOOLING
NfL7nJcruqv9qLWfnmXD,CHALLENGE_SUBMISSION,DEFI
NiWVVl07x105GebUDwKH,DAPP,RWA_SUPPLY_CHAIN
NjisOjICvMc4tXnlPfQm,INFRASTRUCTURE,DEV_TOOLING
NpGDQHQ1140K9QaG5kth,CHALLENGE_SUBMISSION,GAMING
NxKk0AQM5LBm2ks4aSZr,DAPP,NFTS
NyvKOYXWpzNZDbJwILHM,INFRASTRUCTURE,DEV_TOOLING
O0BlBm7e007tgMECmQ5v,CHALLENGE_SUBMISSION,DEFI
O0nTQfsYqMMqNRCUqECF,DAPP,DAOS_GOVERNANCE
O0rni08diAca8u5YAMQH,DAPP,NFTS
O19X0fN6UIgEn2VXb7tp,DAPP,DEFI
O3eRtIDnXOF0skIpFDel,DAPP,NFTS
O574Ho64nCwCui9K7BQC,CHALLENGE_SUBMISSION,DEFI
O71pUubjIGO0tKRcNkDo,CHALLENGE_SUBMISSION,DEFI
O76tz6K1ype71gSEDEZp,CHALLENGE_SUBMISSION,GAMING
OGtbt72lwDN0quFAQnTz,DESIGN,GAMING
ONbVCnS3OLpSvRJs7IDG,CHALLENGE_SUBMISSION,DEFI
ONxkyVM0JHuTT6NiVgXW,DAPP,DEFI
OVFaZIzW3o6fQe3xD6Ri,CHALLENGE_SUBMISSION,DEFI
OZjfcmF7ce24ecH7KADQ,DESIGN,DEV_TOOLING
OZrjmcBTo6C14mslXbBy,CHALLENGE_SUBMISSION,NFTS
Odp1Pw0H0rVZxfmk2epv,CHALLENGE_SUBMISSION,DEFI
OsmpyCgFyPDL6ZuQPl9X,INFRASTRUCTURE,DEV_TOOLING
OyU3YuGTwLxnl1iAUP6V,CHALLENGE_SUBMISSION,DEFI
P33vWaqpxBUAuMI5fCMH,DAPP,DEV_TOOLING
P4vNxcbzeCjxPpccNBbd,CHALLENGE_SUBMISSION,DEFI
P7hykTIF388Dig9Y7rC7,CHALLENGE_SUBMISSION,DEFI
P9IDQpqFVFDZjIUaWeNT,DAPP,NFTS
P9zBvvNwAlFT3Nga5aJ4,DAPP,SOCIAL
PAAtG4csmWGNwioBu4Z9,CHALLENGE_SUBMISSION,DEFI
PBoeYhpHouuKeGkF3kM7,CHALLENGE_SUBMISSION,GAMING
PJNBGh1kmGDSEXT5F85G,DAPP,GAMING
PKdGStrgvCPusSkRpUH8,DAPP,IDENTITY_REPUTATION
PNiMnPjWWrFLj7fQr3tg,DAPP,DEFI
PQiOH2IBRPvDOk2Wb3SM,DAPP,SOCIAL
PUaWnBOEjA60G6aGVF6A,INFRASTRUCTURE,DEFI
PWxkjuxow49HxivnnTxx,DAPP,NFTS
PgGn5EFyanfUpOGEDmM8,CHALLENGE_SUBMISSION,DEFI
Phe8J3wmIJ3DBRxcIt4O,CHALLENGE_SUBMISSION,DEFI
PueJZTIq4wBClHonEAZC,CONTENT,DEV_TOOLING
PxKiiXaICTgytMrLDnNQ,DAPP,NFTS
PyJG04u6oKvxFWKQMZJZ,CHALLENGE_SUBMISSION,NFTS
Q0UmaB37cV3QSMPliv6l,CHALLENGE_SUBMISSION,GAMING
QASLoYSStb2TCtT4AOg1,CHALLENGE_SUBMISSION,DEFI
QJJbUeljcEIbFTkztAvd,CHALLENGE_SUBMISSION,GAMING
QMKUb9hMUyxVyexJOpve,DESIGN,DEV_TOOLING
QPB9YNNJujPimq1CT3AD,INFRASTRUCTURE,DEV_TOOLING
QPgUA4ljbR6gHp5KOpB9,CHALLENGE_SUBMISSION,GAMING
QRMCSxfdVCcSDoiBwKUu,DESIGN,DEV_TOOLING
QUHu7fYp0uIDSJQKPvFo,INFRASTRUCTURE,DEV_TOOLING
QakQ3u53hdujhHmX0129,CONTENT,DEV_TOOLING
Qb3o6WxbazdZthI8iEHO,INFRASTRUCTURE,DEV_TOOLING
QhRJQ8xkN5iLAk8Jf4Qj,DAPP,GAMING
QmpbuZ7TAvzBcta0rFyj,DAPP,NFTS
Qr5GEs1zowMqdNUS2pG1,CHALLENGE_SUBMISSION,DEFI
Qrd3POeFQSYOpq2QGw6G,INFRASTRUCTURE,DEV_TOOLING
QxVbuVO6vQmjKbF9wJnn,DAPP,NFTS
QykpkT5soaZv5y3iI3RK,CHALLENGE_SUBMISSION,DEFI
R0qtulF68o7UxOBs5GRs,DAPP,NFTS
R5dC5ZZIdXrBZrkVwrfH,DAPP,DEFI
R9F0brkJDo8dHYbM87jm,CHALLENGE_SUBMISSION,DEFI
RByMAOIvLiBDm2gIAjED,INFRASTRUCTURE,DEV_TOOLING
RDgXhsPMimt9YYXbVIql,CHALLENGE_SUBMISSION,DEFI
REFw4yaqJUZNKmWCjh8p,DAPP,RWA_SUPPLY_CHAIN
RLZqUQg0PRKGVMVvoAR0,DESIGN,DAOS_GOVERNANCE
RNyhvNektjbaPP2uzi18,DAPP,DEFI
RPmboYQX3Lv7f8cniLbi,CHALLENGE_SUBMISSION,DEFI
RTCZy3hjsjzpSCHHzQwe,DAPP,NFTS
RWEcwvQ9MztRKP8ryTe9,DAPP,SOCIAL
RYlvTgrYmeH7E3R0Cae6,DAPP,DAOS_GOVERNANCE
RbDF5CDUAuc2zNr8dOOg,DAPP,NFTS
RfkPC1klHuTnh9HGA7Lf,DAPP,SOCIAL
RgSsiHB7jpM4QrF3tf7D,CHALLENGE_SUBMISSION,DEFI
Rgf3C1wjUFARjPHbp2uc,CHALLENGE_SUBMISSION,DEFI
S30PBXUcAZE1R3egs6Hq,INFRASTRUCTURE,DEV_TOOLING
S85zap8MoW9m12G1Cy4n,CONTENT,DEV_TOOLING
S9ZEDRey67PMoSyN4NVj,INFRASTRUCTURE,DEV_TOOLING
SBUgpVgMuMmiUuVu4zxQ,CONTENT,DEV_TOOLING
SBna14s8WqXEsZwNs6zj,CHALLENGE_SUBMISSION,DEFI
SBpMaCx0Pw2X9TJTV1jQ,DAPP,NFTS
SC8Cc7FSCr9pxLw7CblO,CONTENT,DEV_TOOLING
SJMCyfyOQxQpp6Eo6gqY,CHALLENGE_SUBMISSION,DEFI
SKfUwFSihFNOtoO6pphv,DAPP,NFTS
SMZ6UTxenLFIz8R5BLgo,DAPP,PREDICTION_MARKETS
SSvHnqu6a2vZyRHFPxRn,DAPP,SOCIAL
ST2ANNftiYUjLOaE9zvd,DAPP,NFTS
STVyEAbXZ1z17SRv4xQF,DAPP,GAMING
SWShhE7MXO6GoijdlQjh,DAPP,GAMING
SYgBg7SbcG39oqDuJfIj,INFRASTRUCTURE,DEV_TOOLING
ScaLUqnjowZ5ah1SfwsV,INFRASTRUCTURE,DEV_TOOLING
Sgc3QJKDYmohAcrGTf0W,DAPP,DEV_TOOLING
Shy1NlNC6LqNBet5KFdn,INFRASTRUCTURE,DEFI
Sod26W2LM7ugFY3zoUqj,DAPP,DEFI
SqApSnscb8dw8xOnroDc,CHALLENGE_SUBMISSION,GAMING
Sw5ngUKyWRU9c0OQ3SaY,DAPP,IDENTITY_REPUTATION
SwlI4Oz14kKPuLR0ndfc,CHALLENGE_SUBMISSION,DEFI
Syi0PJezDrMUtwfEyAUt,CONTENT,DEV_TOOLING
T3vTpwcoBfjhwO3P8J1M,DAPP,DEFI
T4oyf8cepeIlDTkpIm2u,CHALLENGE_SUBMISSION,DEFI
T5bMmQf03MQc09zUpHlJ,CHALLENGE_SUBMISSION,GAMING
T7vw7ppeUzccQacVUwRQ,INFRASTRUCTURE,DEFI
TBP52HRsI4ogaXfE05CR,DAPP,DEV_TOOLING
TFGDNCAOT0NGYyEXMjoz,INFRASTRUCTURE,DEV_TOOLING
TKbK4EkkPraO3Yfl3y1J,DAPP,DEFI
TLY938qkkJ3fYHu4ltEO,DAPP,DEFI
TLzoOIzfFmduR1y5bzzO,DAPP,RWA_SUPPLY_CHAIN
TMjXEA1RY06wKkHwNBge,CONTENT,DEV_TOOLING
TOSOkM0kFGQ94qEKOOZC,CONTENT,DEV_TOOLING
TQ1ZpWYHvoSAlhnVZfUJ,DAPP,GAMING
TSwcGbj00jFJsdk3sl1U,CHALLENGE_SUBMISSION,DEFI
TZxfJvdVAp796twFpyWD,DAPP,DEV_TOOLING
TbpMRaw7uBFa8lKAvS1W,INFRASTRUCTURE,DEV_TOOLING
TcP9qck0BN1jOca4DfyX,CONTENT,DEV_TOOLING
Te9JymirleZsYucc5yHe,DAPP,DEFI
TeO63e0zuipeKI1alGUc,DAPP,PREDICTION_MARKETS
Tfr0qRPVXXftyRDyUgRO,DAPP,NFTS
TmpD4w6BYSbmN5owvblc,DAPP,GAMING
TpQOLtttvGNMWdPoIqzH,DAPP,NFTS
TpqYFzQ8gidMIg4axfS2,DAPP,PREDICTION_MARKETS
TszXHFsDg2lGGR05dDUg,INFRASTRUCTURE,DEV_TOOLING
Tys91j9cwhjaoLmKCCtw,DESIGN,NFTS
U0ZcYXijypyFAoyqz4Qy,CHALLENGE_SUBMISSION,NFTS
U4umXAGKwS2G5SANU54u,DESIGN,DEV_TOOLING
UBHikYbU8T8ct0R9wAmR,CHALLENGE_SUBMISSION,DEFI
UBkJYIyS7YUPVvLV1J4s,INFRASTRUCTURE,IDENTITY_REPUTATION
UPmzDC0zCt9SHz8FNQyZ,CHALLENGE_SUBMISSION,DEFI
UQoIGF1kBony5GE8hzW4,DAPP,RWA_SUPPLY_CHAIN
US0nQyKZfdZVibOWxT3G,DAPP,DEV_TOOLING
USx6jKLAxtopTjMN2uFl,INFRASTRUCTURE,DEV_TOOLING
UabJy7kj4VqJFCPrlUk4,CHALLENGE_SUBMISSION,DEFI
UcFmSEjIO5Z4L4BzW5n7,DAPP,DAOS_GOVERNANCE
UeQnRI5ISO93XHYcVTRj,INFRASTRUCTURE,DEV_TOOLING
UgZPaPPQiNYCnVKvt3CE,DAPP,SOCIAL
UkKkSK3EQuoLe3imQWkM,DAPP,SOCIAL
UlCjKgqWlSVvIXgslaOM,INFRASTRUCTURE,DEV_TOOLING
UmsYUEVqFkSkof9SvDrE,CHALLENGE_SUBMISSION,DEFI
UnVyiNtH7JIpTOKffgQx,DAPP,GAMING
Usqi6GjYloL0QWjBCbHF,DAPP,DEFI
UuR88gpLlXUi0TrxITrJ,CHALLENGE_SUBMISSION,DEFI
Uw036xORO9FjWRSxE9Zo,INFRASTRUCTURE,DEV_TOOLING
Uwbe1zlSuLjXexYA75WK,CHALLENGE_SUBMISSION,GAMING
UxFNxy5XIMzz9mHKUxy5,INFRASTRUCTURE,NFTS
V042OssNrzJBIdk2FZTQ,DAPP,DEV_TOOLING
V3ADr4Dkpo6Yl3O1VI5u,CHALLENGE_SUBMISSION,GAMING
V4ZDb4qiiUeGEagIm26S,DAPP,GAMING
V58rFtXDRN0Y9U3DA9yp,CHALLENGE_SUBMISSION,NFTS
VF8PHbOSVPjJROwdjNcR,INFRASTRUCTURE,DEV_TOOLING
VFIUGqajIAs931NXO59Q,DAPP,IDENTITY_REPUTATION
VHbbEOeT06RqTBjpXaHC,CHALLENGE_SUBMISSION,DEFI
VIcQdLkUTdIvEeUGnxvc,DAPP,NFTS
VKVHbZcjnrtUbUSwE1e5,DAPP,NFTS
VPQFC0PtxIbUtnjLRsyZ,DAPP,DEFI
VR2RJj4dweNRNI2OvV2z,CHALLENGE_SUBMISSION,DEFI
VVOz94dTxxKj4CSmsETg,DAPP,DEV_TOOLING
VYjsfjPyAYjVZxThrtBu,CHALLENGE_SUBMISSION,GAMING
VYktVQDmtfFZrujXQU7q,DAPP,SOCIAL
VZp8Bx6jxhvId2pylUae,INFRASTRUCTURE,DEV_TOOLING
Vcebomi7e8QzDHRxKUgx,INFRASTRUCTURE,DEV_TOOLING
Vfe5UyThywevSpp5REeG,DAPP,GAMING
ViUxE6BKGP3HW50PbUAu,DAPP,DEFI
VjenHk5GGINaXBcn24Bs,CHALLENGE_SUBMISSION,NFTS
VmarLoANqywlVeGoeXOY,DESIGN,GAMING
VmyEnZ26mJGUNk0SxWVo,CHALLENGE_SUBMISSION,GAMING
Vq19BHhmorMdGGqXqao2,CHALLENGE_SUBMISSION,DEFI
VrS4rziy8qh8bNMN66M6,CHALLENGE_SUBMISSION,DEFI
VwZw4JJAY62uykOJEPq7,DAPP,DEFI
VxljsyVvH24PwLwCKFAU,DAPP,NFTS
Vy9oVKruvxc5HUNuugxi,DESIGN,DEV_TOOLING
VzNYinteMoReyfPKTteI,CHALLENGE_SUBMISSION,DEFI
W0FcmLhxyQc2aneDbK7l,CHALLENGE_SUBMISSION,DEFI
W1SosEH2K2NKWRS2ynj9,CHALLENGE_SUBMISSION,GAMING
W2R5R9kxrSu8UNrq2Msm,INFRASTRUCTURE,DEV_TOOLING
W3xaMxiDqLVDfpS7PIBq,DAPP,DEFI
WAgnx48RJ1sQ9K7PBZag,DAPP,DAOS_GOVERNANCE
WCTuBoN5OvtgigrZHwDg,CHALLENGE_SUBMISSION,DEFI
WCvXImlwFBPfkamXYq5g,DAPP,DAOS_GOVERNANCE
WLH0QBbiV1fM1f4Qg92b,CHALLENGE_SUBMISSION,GAMING
WNmcnSygxEX6Qw2uzgIv,DESIGN,SOCIAL
WRyCJD2iATm2oofrmvHe,CONTENT,DEV_TOOLING
WUjNGSEfCnpf4FPhkWYQ,DAPP,DEFI
WXQzFa8JRsKM9abpkZC7,CHALLENGE_SUBMISSION,DEFI
WcQd2IW5hT105NDOMCIw,DAPP,NFTS
WeF2Ra8Y2o6jmy8eQLun,DAPP,DEFI
WfqVDJA07B3EOYZKkxeJ,INFRASTRUCTURE,DEV_TOOLING
Wiic38aRJHjIq8vnjlMf,CHALLENGE_SUBMISSION,DEFI
Wiw7359xozqTaJteHVsF,INFRASTRUCTURE,NFTS
Wm9Dcc1MfMUEp0iw2uaW,DAPP,DEFI
WnSrK5z5H7k8J4BuSRBT,DAPP,DEFI
WnW51UA0zTjoSWQPOhbN,CHALLENGE_SUBMISSION,GAMING
WstSZqBtKoh1NeqnKpjT,DAPP,IDENTITY_REPUTATION
WwwYJB8tHw3b2no0isHJ,INFRASTRUCTURE,DEFI
Wx5acV9tCfq7cJm5Ufie,CHALLENGE_SUBMISSION,DEFI
WxDRGqZ4jLWFdIFcS4oV,DAPP,NFTS
WxPkZdR55IBGXML0C7VR,CHALLENGE_SUBMISSION,DEFI
X00iNaaMORrfeVEp8hBG,CHALLENGE_SUBMISSION,DEFI
X0shZ9vlB8dYjsdKFD5f,DAPP,DEFI
X1YFwqnzAD5RgY3xjlRP,CHALLENGE_SUBMISSION,DEFI
X1d2teIlcJXOeWiX9KyI,INFRASTRUCTURE,NFTS
X2IwFF8m6ItJVZQfwHFC,CONTENT,DEV_TOOLING
X4QqYTJIxmTMUxQqlzNi,DAPP,IDENTITY_REPUTATION
X9LOitAgy0os7vowYvkS,DAPP,GAMING
X9jieG0AnuaHjmxefobE,CHALLENGE_SUBMISSION,DEFI
XBlNFbQ9Z48C8hMBCIdy,INFRASTRUCTURE,DEV_TOOLING
XCI1h3J28IX8Wcdm1AHs,CHALLENGE_SUBMISSION,GAMING
XDjI3LtlSZ9jQ9GUl6hg,CONTENT,DEV_TOOLING
XEcLb65MeaVr8EDxMDjB,DAPP,GAMING
XG9IImiUMBXh1n5eTLuj,DAPP,DEFI
XKknPtQEDc7Ow7R4s4LC,DAPP,IDENTITY_REPUTATION
XMZGhzLgGLVxoS13iYq4,DAPP,NFTS
XRTRbjuQUkucjBIfxJ6t,DAPP,GAMING
XdBsoJ3Jd6k1mLDVDeRW,CHALLENGE_SUBMISSION,DEFI
Xg6CsyqFQGZ8i6QM4qRj,DESIGN,DEFI
Xja9tpEXoP0iimGHeReR,INFRASTRUCTURE,DEV_TOOLING
Xoy8FPQBKjh8Ad3kM2DS,DAPP,GAMING
XpFfAkVd02wa5pPH9yT0,DAPP,DEFI
XqvJZpGb0y6KKGO11FQQ,DAPP,DEFI
Xr42sfygaXlUCSIZiFRP,CHALLENGE_SUBMISSION,DEFI
XsZgTkTCzhpdBBeRr2xX,DAPP,NFTS
XwG8QCnHocRCP2nMR9zz,DAPP,GAMING
Y7UoJPaJ4G5svuNzham9,DAPP,NFTS
Y7jFPavrDOKtxHNP91or,DAPP,DEFI
Y9d2zG7UtTmBnftRLvag,CHALLENGE_SUBMISSION,DEFI
YD9mrOp0gOQvfJhayTIG,CHALLENGE_SUBMISSION,NFTS
YIlZERNCg2scR7njkWvj,CHALLENGE_SUBMISSION,DEFI
YNS1ZNF6OcIUCdqNawm0,CHALLENGE_SUBMISSION,DEFI
YNYCGfr6PQ0TyCO60iU2,DAPP,NFTS
YQrpMi1F4tAH1Wly4w2C,DESIGN,DEV_TOOLING
YUH1TDmlbBRJLa6prBv8,CHALLENGE_SUBMISSION,DEFI
YWwD6w9eNrXbF9Kps2Kx,DAPP,DEFI
YXTWRSow5GXu8irJbIVd,INFRASTRUCTURE,DAOS_GOVERNANCE
YYLrBGY4bm2KsBHlex7K,DAPP,NFTS
YYOloPCeTiECa80vIGrh,INFRASTRUCTURE,DEV_TOOLING
Yani90f6mtLAKdld5qi3,DAPP,DEFI
YhnGa9paayuw6v7AJacN,DAPP,SOCIAL
Yj6GKWqVojXc3JBUDCwZ,DAPP,DEFI
YrQGyIW6DUJ8HaLxi4iq,CHALLENGE_SUBMISSION,DEV_TOOLING
Ytbf0iDr6UPaKVD7pW29,DAPP,DEFI
YthjMFc7LXU67EJ14E8j,DESIGN,DEV_TOOLING
Yv9kbrAb96P1z7cRwO2E,DAPP,DEFI
YvMRGL9YsRBpAzb9o54A,INFRASTRUCTURE,DEV_TOOLING
Yw1vkkKKlGDkRemXFUm1,CHALLENGE_SUBMISSION,DEFI
YwVuADMlTvKnYdpjdNHB,DAPP,DEFI
Z0gBDcjtOZHPTVeTJa06,DAPP,DEV_TOOLING
Z5JCh933xmvkrZqLZP1w,CHALLENGE_SUBMISSION,DEFI
Z9knebrXy8r0n5AAfmNU,INFRASTRUCTURE,DEV_TOOLING
ZAP0rGIXkx0WQxVeBl5a,DESIGN,DEV_TOOLING
ZCP3ZVVscijBSfciniFA,CONTENT,DEV_TOOLING
ZGesNluTQXCoMzzGqieN,DAPP,NFTS
ZH2CLq8MFOrYZFbaH9Pj,INFRASTRUCTURE,DEV_TOOLING
ZHEK68yfobJtpBWKipxU,CHALLENGE_SUBMISSION,GAMING
ZJGfE6G8LFPimTM169Qq,INFRASTRUCTURE,DEV_TOOLING
ZMXQIREw80HgpH4dBPxb,CHALLENGE_SUBMISSION,IDENTITY_REPUTATION
ZU8UKeDImo5A1nYDRYyP,CHALLENGE_SUBMISSION,DEFI
ZW4MfCMCU209bKP8Va8M,DAPP,NFTS
ZWEsBdl5DshHyKUFFVNV,DAPP,CONTENT
Zc8fzUgTYqUh1nA6sJaF,CHALLENGE_SUBMISSION,DEFI
ZeWdJ7lrajzdwjWfoOOz,INFRASTRUCTURE,DEV_TOOLING
ZeucPi4LTIgqhwne1AhW,DAPP,NFTS
ZgIsiZUjEGYkjoUCVPzg,DAPP,NFTS
ZmMTPozcxXsQhNiLmVq3,DAPP,DEFI
ZqbKFnApNfw5y99snsSr,DAPP,DEFI
a5eoa40hBWCHsg9lB7IV,DAPP,DEFI
a64qCmoDy7MQkCVmOnsj,CHALLENGE_SUBMISSION,DEFI
aHWt0xtbN2LoUJzKp8Er,DAPP,IDENTITY_REPUTATION
aJOFtdNL8TXNP2iO7sTT,DAPP,GAMING
aLCYNILWE6DO3lap8Kdg,DESIGN,SOCIAL
aMGjWKuI7RTL0EHCCbxL,DESIGN,GAMING
aNih6DIxMUceOgc1RbUr,CHALLENGE_SUBMISSION,DEFI
aT9a4qzJTA5QVQQLvBjv,DAPP,DEFI
aTA7sugnlh8y5K5JO0vz,DAPP,DEV_TOOLING
aUSuFIzUusmS2247dwhQ,DESIGN,DEV_TOOLING
aYAqbeVQJkq65G7kKlPo,INFRASTRUCTURE,DEV_TOOLING
ajnX9kPRVwQUSup8JMCj,DAPP,DEV_TOOLING
aktuvtHpPJdZ0oV1ZSCq,DAPP,NFTS
arHVF7aZmZad5sBMDP8R,DAPP,GAMING
atG3Wjg17jeDBLiuYGQX,DAPP,DEV_TOOLING
atc5xCxyZBfadGII1ybp,INFRASTRUCTURE,DEV_TOOLING
atwZHkAmd7AvMJZR3HXN,CHALLENGE_SUBMISSION,GAMING
aunE0ZerlulzapC1fidV,DAPP,GAMING
avs033u4PRZBeadOxfuY,DESIGN,DEFI
b3KZEEenfnOhsVPLLogn,CHALLENGE_SUBMISSION,DEFI
b6kEqkUjNMkI5qDZHjn5,CHALLENGE_SUBMISSION,DEFI
b8FgaqNFrJwNTY9ttwtv,DAPP,DEFI
b8RxW8ys6vt2d0Rk3fYa,DAPP,NFTS
bC4HAkcIVaiearVeYpR6,DAPP,DEFI
bHYxmDrFn8QEY3jtxFE7,CHALLENGE_SUBMISSION,DEFI
bK6JPs981MTqkER0yKGs,DAPP,GAMING
bM1tjYViVbw2u4xrxiJs,DAPP,NFTS
bSRFeE9rAvq7OewOpL4E,DAPP,GAMING
bSyvmRw9rkuf5b6KhCJ9,DAPP,IDENTITY_REPUTATION
bU6ysgi0s4drVKDUFfrk,DESIGN,SOCIAL
bhDJvcj4KpJRb2BkBp7q,DAPP,GAMING
bq3QYFV2jI4guFH58NWg,DAPP,NFTS
bsHmJIMnGDOq4bWkV1P8,DAPP,NFTS
btMwZVX9KQap5Y8XfThw,DAPP,NFTS
bwdZLWoIGDvNTWEtyuTg,CHALLENGE_SUBMISSION,DEFI
by2l2C6SVMP7UxfAKEpr,DAPP,DAOS_GOVERNANCE
bzDErnnljvBKurHO86y9,INFRASTRUCTURE,DEV_TOOLING
c1K8CbACZ694L9Iozwov,DAPP,DEFI
c3nSLLGdawoMsEbgXAAT,CHALLENGE_SUBMISSION,GAMING
c97xkvsgThhB8TKBT67a,DESIGN,DEV_TOOLING
c9h2BdRcjxBH0CQNEHF0,DAPP,DEFI
cRQaaVkJuWLHs96AoEwJ,CONTENT,DEV_TOOLING
cSwauEzz4G9XPchnSgvW,DAPP,DAOS_GOVERNANCE
cUDdg22qfuw4JLE9zaC8,INFRASTRUCTURE,DEV_TOOLING
cYlLudRub74YwQsG1cJL,INFRASTRUCTURE,DEV_TOOLING
cZyjgoezpbx2Js6uoPzW,CHALLENGE_SUBMISSION,DEFI
ci0AZRUYspcJC3nOBetq,CONTENT,DEV_TOOLING
cosoxP9ejul7NgwZK7lp,DAPP,DEFI
cqBzYLL4zO9qDiPWNgC6,CHALLENGE_SUBMISSION,DEFI
cqE1SBFXM8DO75CrqB07,CHALLENGE_SUBMISSION,DEFI
ctyMMPOKJWozylFkBEDB,CHALLENGE_SUBMISSION,DEFI
cwXFuABolrgx8Mtx8yLm,DAPP,SOCIAL
cxgRz0tJxXKxU8snXyZd,DAPP,NFTS
cz5ceG7Yd3EXr7IyxG1y,CHALLENGE_SUBMISSION,DEFI
czT9kMs3Sw50JLbI33Cs,CHALLENGE_SUBMISSION,DEFI
d3acLmXA025C2sVgWIvq,DAPP,SOCIAL
d8gCFeaUtd2Jsa4oEbVB,DAPP,GAMING
dBuiawf05YfxUZ9HPeZ7,INFRASTRUCTURE,DEV_TOOLING
dDPMQJ608SgCR86Cbff4,DAPP,IDENTITY_REPUTATION
dEK2shngwbwneXnnfmPY,INFRASTRUCTURE,DEV_TOOLING
dG9DgNnhZCf0XIReGhG9,DAPP,SOCIAL
dIqqxiHbU8ZtjEDWQpUb,CHALLENGE_SUBMISSION,GAMING
dJ4j2cvCnXRNUFZq2M5Y,CONTENT,DEV_TOOLING
dJQXqzXzhYwarql2Ss2E,CHALLENGE_SUBMISSION,NFTS
dVujk4whgb1Ny8NPw79H,CHALLENGE_SUBMISSION,DEFI
deIGLCS6FQAoq4A2G3qS,DAPP,DAOS_GOVERNANCE
dh7JG8nkkaELuT9WXKZC,CONTENT,DEV_TOOLING
dkiBplNj7TWL9ofyL42T,DAPP,SOCIAL
dlpemuEoxX4bwH1DAwFQ,CHALLENGE_SUBMISSION,NFTS
dnUop5SRvh4HsDMX6cG6,DAPP,DEV_TOOLING
doxGycvetmCASEz5ibRs,DAPP,DEFI
dpsOsQMS9RCSQS2INf2b,CHALLENGE_SUBMISSION,DEFI
dv8W4mNVhPuVvjTVvrZf,DAPP,SOCIAL
dyC88BUek4tSyDKIZGV0,DAPP,PREDICTION_MARKETS
dz6bNG9fOUf7twQOQE5n,DAPP,NFTS
dzb9b3bvCeCAdEpppMh1,DESIGN,DEV_TOOLING
e1w16cpZ6J1yUIyz11DQ,DAPP,DEFI
e3CzG19D0eSiJ2FAofxx,CHALLENGE_SUBMISSION,DEFI
eGJERNHnKEQgkT2iquuw,DAPP,NFTS
eH5fTcbtjHyM9Fc6dbh5,INFRASTRUCTURE,DEV_TOOLING
eHTQzdS8CWMX9zUy5Pdl,CONTENT,DAOS_GOVERNANCE
eJHzkWIhe043MlVmRIYA,CHALLENGE_SUBMISSION,GAMING
eMYaAm7ttHhNAPIJGUBH,DAPP,DEFI
eNHMHbSsHZNjJcJnWeQc,CONTENT,DEV_TOOLING
eNmzwZ0K0Sco7L3KLzSa,DAPP,DEFI
ePP0zrLddsjJqWgZaXjs,CHALLENGE_SUBMISSION,DEFI
eXfYAIDhuTIVpd1I8HgH,DAPP,SOCIAL
eYeC2w3SOhJHNBS0umx8,DAPP,DEFI
eggSzyrUn82FeqKTkIPp,CHALLENGE_SUBMISSION,DEFI
ehFgjAKFYGusJQy9ZEFo,CHALLENGE_SUBMISSION,DEFI
el5BFGIzzGqtTg0cGGJg,DAPP,DAOS_GOVERNANCE
elCNTMLiCaG70oFGyXv0,CHALLENGE_SUBMISSION,DEFI
emWbbSITYmqNevu7HAWe,CHALLENGE_SUBMISSION,DEFI
ezI84xCC8gI38FdjYPyJ,CHALLENGE_SUBMISSION,GAMING
ezVoRvHRZgc68A7fIroY,DAPP,NFTS
f4NnOeP0bBcUZtX9Wcp1,CHALLENGE_SUBMISSION,NFTS
f6caKg0k8wfPOg4cxTCF,DAPP,DEFI
fBBHC5UM6nCAXfXqAM0R,DAPP,SOCIAL
fEHhd96bzYSdrAYGpv8I,CONTENT,DEV_TOOLING
fNDIR4XQOkSGY7apyywI,CHALLENGE_SUBMISSION,DEFI
fRmO61SdRybtw5aUoNYr,CHALLENGE_SUBMISSION,DEFI
fVvMA9tZdT1yoOp76tqb,CHALLENGE_SUBMISSION,DEFI
fW11Rv3rhkzMjysZ4dNY,DAPP,RWA_SUPPLY_CHAIN
fdErIfmjB6Ds26dsdhVH,CHALLENGE_SUBMISSION,DEFI
fgnsb9QMC0CQhQJaGl74,DAPP,DEV_TOOLING
fhiWGoHrfdGM2iuFZTGT,DAPP,GAMING
fvAa2fwnqh9uPnjoXBjU,CHALLENGE_SUBMISSION,GAMING
fxJSCWcb9fw7Doqq6HuU,INFRASTRUCTURE,DEV_TOOLING
g8bTlIYoTItR4VpDdAI7,DAPP,GAMING
g9EmnJROMeqydxP1BGSx,DAPP,NFTS
gDPqHFH0m8ba9Ka38tNm,INFRASTRUCTURE,SOCIAL
gEvy4rCT5R0CmY6E3zzX,DAPP,DEFI
gH1FQYxvwl2Vbk8oP1yk,CHALLENGE_SUBMISSION,DEFI
gHtisk3LK8lgdZHWzvY5,DAPP,DEFI
gIOur6kmV13vPdfoIy5x,CHALLENGE_SUBMISSION,DEFI
gJ2ki4EDSQW7Ls3tmIAK,INFRASTRUCTURE,DEFI
gMl5xts6moN052imtxLS,INFRASTRUCTURE,DEV_TOOLING
gN8FRNyUyWMIhZGxU0N8,CHALLENGE_SUBMISSION,DEFI
gQYWXsujR2edqkr1dd3K,DAPP,NFTS
gQb7XB2Aai0Xq4csEGT1,DAPP,DAOS_GOVERNANCE
gSdTRz2pQv1Obd71MZVn,DAPP,SOCIAL
gXFJ6X1HWIfLmdCOBlXK,CHALLENGE_SUBMISSION,DEFI
gaGYHOjrmfC4EdWfzVJJ,CHALLENGE_SUBMISSION,GAMING
gbgfbCWmX36lwxg3P9Sk,INFRASTRUCTURE,DEV_TOOLING
gcJBONSddg0J8uIosL5I,DAPP,GAMING
geYdr2mpZ2OAttN809FI,CHALLENGE_SUBMISSION,DEFI
gjNne5uJr7DQHpDWEvHJ,DAPP,DEFI
gjk8vAzaeyQypq9IKpNY,DAPP,GAMING
grlJK8A79tnorpS0RRRS,DAPP,SOCIAL
gsXc1HZlGxnoGaRIWzNO,CHALLENGE_SUBMISSION,DEFI
gsYfj5y0MKa5AQu3OTYK,CHALLENGE_SUBMISSION,GAMING
gvV1hO8Sqb3PX5Cg7zcU,DAPP,DEFI
gxaJM57toUowsIKXv5rv,INFRASTRUCTURE,DEV_TOOLING
gxdXyBF6tsQpIi8yRJWV,DAPP,NFTS
h0rGxmcy8CSP8e8Xvmh6,CHALLENGE_SUBMISSION,DEFI
h33ayzbZq6LjpuX0DfxM,DAPP,DEV_TOOLING
h47KWhZzQ5dk9KrDiPXu,CONTENT,DEV_TOOLING
h7idXjX4u1xbkLscCaFX,DAPP,DEFI
hAIIsrHf8dnOBcu6UUZn,DAPP,IDENTITY_REPUTATION
hBHttqCZ4DfIki6KWHVz,DAPP,GAMING
hDEa6LYuIPKslnhpNmv9,DAPP,SOCIAL
hKtQ4THhaFSOHLT7tJ92,CHALLENGE_SUBMISSION,GAMING
hL8oU5sdJPseWBg7IFaQ,DAPP,DEFI
hNi6KkS8phqcM44Xw9Og,DAPP,SOCIAL
hOa5wnYjd8HelwLZh8c6,CHALLENGE_SUBMISSION,GAMING
hSCsjCdZBlrOQcFsSKig,DAPP,SOCIAL
hSV2PD77LxSLEdJwPoBR,DAPP,IDENTITY_REPUTATION
hYyjyH9RfQkMZVJOC9Ts,INFRASTRUCTURE,DEV_TOOLING
hasfSKQfhW39zH4KPNWn,CHALLENGE_SUBMISSION,NFTS
hcd7x6CecfCiCmYDh29Y,CHALLENGE_SUBMISSION,DEFI
hhMB6Z3jJsrsoUqehhrw,DAPP,DEFI
hiKcgGpVi8LfRsQjsNuT,DAPP,IDENTITY_REPUTATION
hjgRjKFZc71bskafjjGW,DAPP,DEFI
hk8p0wWMfr9bZQebPATZ,DAPP,SOCIAL
homTEn1UCsv2P1QRuzDU,INFRASTRUCTURE,DEV_TOOLING
hww6tVJMqkEokDHXx0M9,DAPP,NFTS
hxAI1Q4VswvpHPXLfdJy,DAPP,NFTS
i2ChwolQO0qR1Qbp0qCQ,DAPP,GAMING
i7qdcBbcRYkmN5vB6tZi,DAPP,DAOS_GOVERNANCE
iFuvAjI0FnacGcCR9m2K,DAPP,IDENTITY_REPUTATION
iGBwOs5fZKea5wP0hdR8,DAPP,RWA_SUPPLY_CHAIN
iIZ7je6DLhjrkVBvoT55,DESIGN,DEV_TOOLING
iOpcZEyPyXnhu1Myo8tt,CHALLENGE_SUBMISSION,DEFI
iSV0eLNqZviSLRz0drZ0,CHALLENGE_SUBMISSION,DEFI
iXhbPMeefCyhrE5fqdQI,INFRASTRUCTURE,DAOS_GOVERNANCE
iYY5KmdT1si5I9v0zkVY,DAPP,NFTS
ifmYNBouIkfOg7rJDug1,CHALLENGE_SUBMISSION,DEFI
ih9yfVIJbzHFKpGDQsmt,DAPP,DEV_TOOLING
iiEgbP7tHEMaPC3D94sP,CHALLENGE_SUBMISSION,GAMING
ij8GuFcmRcm8vWda8aT6,DAPP,NFTS
ioJ27KbQRfSeGuNXQ36R,DAPP,SOCIAL
iraAWVN5vLkqpsLMW5t2,INFRASTRUCTURE,DEV_TOOLING
isrbfZdTacDNsktMTvY0,DAPP,DEFI
iuBtX2AltiFKirsWBvZT,CHALLENGE_SUBMISSION,GAMING
iuOmgycvG0nqhDGuG8vN,DAPP,DEFI
ix6NJFWTQLxTzCJQtUPx,DAPP,DAOS_GOVERNANCE
izp2Xe5XxoGRxu8XwY8F,CHALLENGE_SUBMISSION,DEFI
j0FPEK6wIHoPB6d9ADNP,DAPP,DEFI
j16xvlKdHe2lizweI8zy,DAPP,DEFI
j5kYYe7pFUNelpWHX6fh,DAPP,NFTS
jFpXLrAur0l94QfcYPYz,CHALLENGE_SUBMISSION,DEFI
jGetdry9k1v5lcSHmzFT,DAPP,DEFI
jJDF0p6dRLXIhs1Wh8mj,INFRASTRUCTURE,DEFI
jJU9TBduggHgGe92G5Ag,DESIGN,GAMING
jJxdz1eEhH7dOIARGyqq,CONTENT,DEV_TOOLING
jMpWmwsXWXLD9OSaKtx5,DAPP,DEFI
jP7WpzxJyFsq4wHvyohX,DAPP,DEFI
ja0qVfwttGiXTU4Fu5Mm,DAPP,DEFI
jgeZdqBkNqnrf5D12kaI,DAPP,DEFI
jhViriFyrJ78GJ0MtUfv,CHALLENGE_SUBMISSION,GAMING
jjvGPEIGeS6gwpuF2UiV,INFRASTRUCTURE,DEV_TOOLING
jlQ8tuzCR12EWhdavLT8,CHALLENGE_SUBMISSION,DEFI
k2Bvw1AYlJOQtjnouoFF,INFRASTRUCTURE,DEV_TOOLING
kDoww0wk6KDQuE81U8Kk,CHALLENGE_SUBMISSION,NFTS
kE6b0ATiLIGjmV5MMRj5,DAPP,DEFI
kFRXsBNz6URNjzzJd0g5,DAPP,IDENTITY_REPUTATION
kFs8sNsSY6frL8F3NCY8,CHALLENGE_SUBMISSION,DEFI
kGaPHOdb0an6N8VLLZBd,DAPP,DAOS_GOVERNANCE
kKvPgaTpPzfuTJIJjscZ,DAPP,DEFI
kMmrkcFqwG2NEyFnDk99,CHALLENGE_SUBMISSION,DEFI
kPudhCMAs6LIeWFgIQhC,INFRASTRUCTURE,DEV_TOOLING
kVWCp4W8Ypt1AVTPPMdl,DAPP,NFTS
kZF6ZXgiaYxNBRvSDa7q,DAPP,GAMING
kaT59UKx5x1BNCm4fdhb,DAPP,DAOS_GOVERNANCE
kc3Juby8cAVMwl1JeTrZ,CHALLENGE_SUBMISSION,DEFI
kgEavpnkwIB2wvlIODWU,DAPP,RWA_SUPPLY_CHAIN
kgS7qblNaISqUpOEMvUT,DAPP,SOCIAL
ki6FsaKV2aY1VrAuu3KB,DAPP,IDENTITY_REPUTATION
kjCVmkmqUDIjoKY1aRrF,INFRASTRUCTURE,DEV_TOOLING
klYxgJVcWOYhyyZ5ceyo,DAPP,IDENTITY_REPUTATION
klxo1oX3Lfu9e8S2eoRQ,DAPP,GAMING
kqAK36Z4HkbitCdacFkJ,CHALLENGE_SUBMISSION,GAMING
kqtemK6GnGgOOmAOrRs5,CHALLENGE_SUBMISSION,DEFI
kz8NsDTHJq2nKnC7kTsf,DAPP,SOCIAL
l6PxCV5h4ysazG0HmqST,CHALLENGE_SUBMISSION,DEFI
l8bT9fgDel1swXMPhaV0,CHALLENGE_SUBMISSION,DEFI
lAbqIsZpVB3gCvaBt1q6,CHALLENGE_SUBMISSION,NFTS
lDGVoqKh9BoBMYsHIIbU,DAPP,SOCIAL
lG6ivRlBi2BTcGEt5HWi,INFRASTRUCTURE,DEV_TOOLING
lIIQtoWt4ohRrCHurMpQ,CHALLENGE_SUBMISSION,DEFI
lKpDqMJMI6ygKk0Om9Wu,CHALLENGE_SUBMISSION,NFTS
lMSpESgdeqYwrzWo95tc,INFRASTRUCTURE,DEV_TOOLING
lNWqHfBQcQvedRzzERUG,CONTENT,DEV_TOOLING
lPOIPBIeScIqjd9e5aOn,INFRASTRUCTURE,DEV_TOOLING
lQVsQ6usnBhCsu6HIMxV,DAPP,DEFI
lSDxqaOGYOSaOezA6Hdm,DAPP,SOCIAL
lWCKdn3OzsHTw8z0vJfS,CHALLENGE_SUBMISSION,DEFI
lbTg97htQzItsp4WqUsX,DAPP,SOCIAL
lbqAJruMyM0LZMFRKBux,DAPP,NFTS
lcsvkBLwMUQ4r5is2dkZ,DAPP,DEFI
lhwEFrModvXPPWq2ntdU,DAPP,GAMING
liUBKnPwZFGOeE5wqikh,CHALLENGE_SUBMISSION,NFTS
lktfUs4P3ikwbye1phG7,DAPP,PREDICTION_MARKETS
lodor0QGWaMSu8CTinaA,INFRASTRUCTURE,DEV_TOOLING
lpLCfKK0ENlWIhMz4OPH,INFRASTRUCTURE,DEV_TOOLING
lqT2D9pCOSRpKVgCEj6e,DAPP,NFTS
lupWrJBvS09xWTZwAp0F,INFRASTRUCTURE,DEV_TOOLING
lut9MuiIY7FmB5thJ99T,DAPP,DEFI
lv05ido4lPZp7OCTMoa1,DESIGN,SOCIAL
lwj9YodCk9GgUmUEKCjH,DAPP,NFTS
lwkFX9VyRmIL6KXdanOJ,DAPP,NFTS
m13PX25bOvNiCv8zMIzB,DAPP,SOCIAL
m4Xsk3X2p3rLLC7kGh0C,CHALLENGE_SUBMISSION,DEFI
m7imNW9pV9wuMaGDjKZL,DAPP,DEFI
m9mwHWnEw1Xzc8m0111A,CONTENT,DEFI
mB6zDNPKcF6FYw1SVYwR,CHALLENGE_SUBMISSION,DEFI
mCGSqPgMTlmUWLGKH6XX,CHALLENGE_SUBMISSION,DEFI
mCg1oDHzycuIh84QtTMp,CHALLENGE_SUBMISSION,NFTS
mCkYUYeMhwPP0z5Agl4P,DAPP,DEFI
mCshE1rmfHW1hdb6otcK,DAPP,DEFI
mDzjp55PlXsL5DQAVUez,DAPP,SOCIAL
mEbXh36JdTNlpH6r36FM,DAPP,NFTS
mEkYMoK0woUdzb99Ecil,CONTENT,DEV_TOOLING
mFYMg3zGGSLLx9N8mdFt,DAPP,NFTS
mFpzSAscXJG38eMOhQHR,INFRASTRUCTURE,DEV_TOOLING
mGOvLD7a5A4SNoZGKfMy,DAPP,AI & Agents
mLGK1JO9EwinJI87GOxm,DAPP,NFTS
mLmHY8KEMsmzjE5nSf8Y,INFRASTRUCTURE,DEV_TOOLING
mPzJ1g0Rd0fS5cCdYCxS,CHALLENGE_SUBMISSION,DEFI
mRWJzbHTu0UTf9dUbxa8,INFRASTRUCTURE,DEFI
mTKhXMLEOCQEgPgG57R9,DAPP,DEFI
mUyrvUSjuVSw2tJcMwAW,CHALLENGE_SUBMISSION,DEFI
mYUUDJYkvJSGbQextCuy,DAPP,NFTS
mZeAxkR2Fwokv3eN3M5n,INFRASTRUCTURE,DEV_TOOLING
ma7vrNgSvRV3tqNSvRIZ,CHALLENGE_SUBMISSION,DEFI
mbCFBFKRzgSf49pqfFmK,DAPP,DAOS_GOVERNANCE
mbxKDvnIdT2iW6mc6n39,CHALLENGE_SUBMISSION,DEFI
mci0gEgqRVKzxrgk1yCg,DAPP,RWA_SUPPLY_CHAIN
md0lyU4XXPVKEywAiXFq,INFRASTRUCTURE,DEV_TOOLING
mg1ZkrnyYYmHCtNCVSqK,CHALLENGE_SUBMISSION,DEFI
mgaR5lRWkcHXaZ2aOBTG,CHALLENGE_SUBMISSION,DEFI
mhD4t4uULXe8ZTsTaLJc,INFRASTRUCTURE,DEFI
mkgetYQKp73Enkw88bkX,CONTENT,DEV_TOOLING
mp36uLfpm7POrozlFVgc,INFRASTRUCTURE,DEV_TOOLING
n27zrnUq9SIwwj2cRD8B,DESIGN,SOCIAL
n3lkMUSbfOJnXQuIkxts,CHALLENGE_SUBMISSION,GAMING
n3tcKV5An5V6GIDXoWCX,INFRASTRUCTURE,DEFI
nDhCskjemGL2SNQkPTjf,INFRASTRUCTURE,DEV_TOOLING
nEjaQfkyzMgt3vcbAqLd,CONTENT,DEV_TOOLING
nEmBLC1p4MCxZ4g62PZJ,CHALLENGE_SUBMISSION,NFTS
nFoiyWr9HVKidRXFGU1H,DAPP,NFTS
nIzmnbljILLZ4GclVnlp,DAPP,DAOS_GOVERNANCE
nLsqcBkuoNb8nWVAuJg0,DAPP,DEFI
nV1lYFxAh9VZFuNOILzt,DAPP,SOCIAL
nXgwc8qG0v21RmmNxvuR,DAPP,DEV_TOOLING
ncsYn4D5zjYukeo8kaMq,CHALLENGE_SUBMISSION,DEFI
neO1pmCtTFlOEVBNWLMU,DAPP,NFTS
no6joUwplC7p1XwSH2cI,INFRASTRUCTURE,DEFI
nphlsRw0AX260AnHj4Q2,DAPP,DEFI
nqbpB5AoKVXxZWtNAutA,CHALLENGE_SUBMISSION,DEFI
nsaKNdCvltAzQIfYxuNY,DAPP,SOCIAL
o1kiJKX7afLfqdz6cyfx,INFRASTRUCTURE,IDENTITY_REPUTATION
o53bifKQcm3bdeYE1PvT,INFRASTRUCTURE,DEV_TOOLING
o5tx097s0uqYtlKZmkfJ,DAPP,NFTS
oAXJ151jdDixCEgwnpf6,DAPP,DEV_TOOLING
oCLf85znAjLmspOokIZi,INFRASTRUCTURE,DEV_TOOLING
oCoX2Lrt1iz2b25PbKJE,CHALLENGE_SUBMISSION,DEFI
oDBeSogI8XB2rh4wMSuH,CHALLENGE_SUBMISSION,DEFI
oFWIYHo7WkvFQ29WQ12J,DAPP,DEFI
oFfquTlLqnWmdQqOnINs,CHALLENGE_SUBMISSION,DEV_TOOLING
oGmZBTfEVH52bFDseSir,CONTENT,DEV_TOOLING
oKMkfa6n7rzrkR9AdQIx,DAPP,SOCIAL
oPPYaSP0ksVoYJEmvqZy,DAPP,DEFI
oPgI7t5xu56IXHlEBxez,DAPP,NFTS
oUXOQMR7HNpXAYPnGvUc,CHALLENGE_SUBMISSION,DEFI
obf89PvfqT9bDkMOReTK,DAPP,AI & Agents
odHqyDBb0XRjRKcjG7NI,DAPP,DEFI
opmVawlS0N5MSdSko1J0,INFRASTRUCTURE,DEFI
oy9sPOegniKTzfb4DMMy,CHALLENGE_SUBMISSION,DEFI
oyhVb2z5hyAyVI1WSbts,DAPP,SOCIAL
p5R6Ij6v4onsVZGKLjTc,DAPP,SOCIAL
p5mpkxqvCaOidFVG3iOU,DAPP,NFTS
pAql2DLRNiOBeMOqhUjg,DAPP,DEFI
pOu0h80SQ6bUaZQpoeVA,DESIGN,GAMING
pQGXC6xWEivD6DIFu42d,DAPP,DEV_TOOLING
pQSSkTnU6ASVP27n2iCQ,CONTENT,DEV_TOOLING
pUNVErUvGGUeEyc5Wgem,CHALLENGE_SUBMISSION,DEFI
pVQaPhmZuLzg0hAE9Bzv,CHALLENGE_SUBMISSION,DEFI
pe8SjqdxyPkgjzME3p6n,DAPP,DEFI
pejZVQPR6r7JQMJNKdMI,DAPP,RWA_SUPPLY_CHAIN
pgflpYiqpYV4PiDPBqwO,DAPP,DEFI
pm3XjORGTWIIk5yFB57a,CONTENT,DEV_TOOLING
poTKOMGr5aVYyPlnfruW,CONTENT,DEV_TOOLING
pqMXb98oNsm64nsHQkRx,DAPP,SOCIAL
pqk4mOKfnKM47iUXLjeF,INFRASTRUCTURE,DEV_TOOLING
psYh4b65j9J2NKvzt0O0,CHALLENGE_SUBMISSION,NFTS
pz2pwhOD5ISQ2Rv9ffG7,INFRASTRUCTURE,DEV_TOOLING
q2ypX0layGRq4QbbHppf,DAPP,DAOS_GOVERNANCE
q3HgLNKn69zT1NzZyuB7,DESIGN,SOCIAL
q5LdKD2Op3CZI7gmx8ny,CHALLENGE_SUBMISSION,DEFI
q61dChu8H06VpeEhmQPF,DAPP,RWA_SUPPLY_CHAIN
q8S7iNoBCUgwPYJvgzDU,DAPP,DEV_TOOLING
q8fM1Pbb6tKmwevZ01dR,CHALLENGE_SUBMISSION,DEFI
qDqCci4ZmH41QfkkFbih,DESIGN,GAMING
qGWddmBwBf2NSk6S1wlm,DAPP,GAMING
qQxV2Ezp5te2fBVB2JPT,DAPP,NFTS
qT3Yf6npPuHmjdar6gYz,DAPP,NFTS
qUkjdBnmLjpjkEdjVY4q,CONTENT,DEV_TOOLING
qYrBVoWJ0JRX4rlXzJNl,DAPP,GAMING
qb8GCxowAedvdMfIIzL9,CHALLENGE_SUBMISSION,DEFI
qgu97Fw3H9beZ8Hv4ceI,DAPP,SOCIAL
qh3RTENWEVDRmwF1JGcY,CHALLENGE_SUBMISSION,DEFI
qh8LTY2ojqh1SpX032CB,DAPP,DEFI
qlQzkNqf3I7q0sk993nE,CHALLENGE_SUBMISSION,DEFI
qp9mgcODpHeiNzS10DkP,CHALLENGE_SUBMISSION,NFTS
qq7EV9cMAEpEHiCkIgkq,DAPP,GAMING
qrRm7WJz6XacfFpAcBMi,DAPP,DEFI
qtH43UptvQP2YWtCGHiW,DAPP,DEFI
qvgzPzPs6w2Xv5Ps0uSq,DAPP,DEFI
qx7an4EUbOfTLDG1Vv6Z,DAPP,DEFI
r2SEsxEO3gX5C8gbTjBV,CHALLENGE_SUBMISSION,DEFI
r6gOibUzOGFWFP7vBW3K,INFRASTRUCTURE,DEV_TOOLING
r9i5mHOto2JqzMkSqMYK,INFRASTRUCTURE,DEV_TOOLING
rGwo0lah9FxLdF1WdIXZ,CHALLENGE_SUBMISSION,DEFI
rH8EJAqVlxB8dyogWgIC,DAPP,SOCIAL
rJHMg5GgFJDWfD8JgCQ1,CONTENT,DEV_TOOLING
rJtsCwtAB45TRpJgdBzR,CHALLENGE_SUBMISSION,DEFI
rK13HHJ55Y5CI8wMohUg,DAPP,DEFI
rKQQX7HvCcoVpWCU3qMW,DAPP,DAOS_GOVERNANCE
rNdAtEPE8yF3H0pDEnB8,INFRASTRUCTURE,DEV_TOOLING
rOyJRNQureCljmRJO0lm,CHALLENGE_SUBMISSION,DEFI
rP30uOA8n35EpUAQ1awG,CHALLENGE_SUBMISSION,DEFI
rQ7OrduKQjtFolgvL0VO,CHALLENGE_SUBMISSION,DEFI
rTDoxd3Ak1sT9XdMRYdO,CONTENT,SOCIAL
rTpTnPXXgiOM2JRNMjVW,DAPP,NFTS
rU1cZ2yssXRSSwqtiUjt,DAPP,SOCIAL
rUQC4x9eHEtsZcPNKN3C,DAPP,DEFI
rXKeP2vTh0qmNTpcbKOw,CHALLENGE_SUBMISSION,DEFI
rY69kJ3sKLahqn0ET1Pz,CHALLENGE_SUBMISSION,NFTS
rYUM22PodfLBzOcutzpa,CHALLENGE_SUBMISSION,DEFI
rZ6HnXrnNR678LVKMz0q,CHALLENGE_SUBMISSION,DEFI
rdkzCIPw186V3CSw2VN6,DAPP,DEFI
rs4bah510IYD0No0p7Cz,DAPP,DEFI
rtSkjS3INJwh21GzU0GW,DAPP,DEV_TOOLING
ryv340MShxNjH7T3oxvR,DAPP,SOCIAL
s47onmaBya906VbFEHJ4,DAPP,SOCIAL
s485DqzYUupIrIVgCHKb,DAPP,RWA_SUPPLY_CHAIN
s4ZeSf2B4lFMc8H1iq2B,CHALLENGE_SUBMISSION,GAMING
s593vr9NXkUXTttoNaq3,CHALLENGE_SUBMISSION,DEFI
s8wG9A0CKk2SOzAoVmUN,DAPP,NFTS
sGTje0MRDOyH2F2JSAkj,DAPP,NFTS
sGaKjCknzgvqxsgx76Jp,CONTENT,DEFI
sHB62Mw6gWbwTJ704oFE,DAPP,DEFI
sIT9CGTVwAAWChJEEiMC,INFRASTRUCTURE,DEV_TOOLING
sJ3YXFn8wJuGK1UZSQLK,CHALLENGE_SUBMISSION,NFTS
sMP80embUb07rCbzEeKJ,CHALLENGE_SUBMISSION,DEFI
sN3POkKBY9djddPtWyQt,INFRASTRUCTURE,DEV_TOOLING
sR7sWpUYQiGmQYiwtCYF,CHALLENGE_SUBMISSION,DEFI
sUn2IrF4PkcvgBMkuqiq,CONTENT,DEV_TOOLING
sY0Fh80lcSKp9bG5uu0M,INFRASTRUCTURE,DEV_TOOLING
sYwOU0f7DRWnTMtf3ECE,INFRASTRUCTURE,DEV_TOOLING
scAm1OPH9vg0n3wctjfF,CHALLENGE_SUBMISSION,DEFI
sleXRgs5WakkEbMTIxEN,INFRASTRUCTURE,DEV_TOOLING
smpItXfZ6yysYFh4md6l,CONTENT,DEV_TOOLING
snoTca9mdaeASt5Kt7Tk,CONTENT,DEV_TOOLING
snz9ECHbeYOrwaIFO8PW,CHALLENGE_SUBMISSION,DEFI
sqexEuqx4drTOQNX0H8R,DAPP,DEFI
sqsYUop6vzAmYoB9vA5V,DAPP,DEFI
svTe0o6cfSHxcbrK5gSC,DAPP,GAMING
sxs0m8KOCdZj2QIJ6MnT,DAPP,DEFI
t5IeTwABNenZ5ZROugWm,DAPP,NFTS
tCm0p6VZoNe3bnIaxAP0,CHALLENGE_SUBMISSION,DEV_TOOLING
tGL2lca7bHCMNX8tTSHV,DAPP,NFTS
tJJDrgq8QZJK6hWogG4t,CHALLENGE_SUBMISSION,DEFI
tLeEBZ86dFjmjMy7F2RC,DAPP,NFTS
tLoM1TfMmZGj7KxBpHv9,CONTENT,DEV_TOOLING
tQhMwZ8d7vBlKlQxCAoQ,CHALLENGE_SUBMISSION,DEFI
tXny4FbzicgDxK73UySP,DAPP,GAMING
tYL1zRZIoEYASVmg6vPK,DAPP,DEV_TOOLING
tgYdXZJhqbsvBwt2UvdU,DAPP,DEFI
tioDn3YY6l8iw2qPem3C,CHALLENGE_SUBMISSION,DEFI
tjvb13W1k7tbvK7HbksA,DAPP,DEV_TOOLING
tkXzxh2nj5Ii05xbWoDt,DAPP,DEFI
tolTLw5kuVzHpORbKO0X,INFRASTRUCTURE,DEV_TOOLING
tuHdhG2rFm2hWOc7DB0v,CHALLENGE_SUBMISSION,DEFI
tzLbLLWKc3oFL5wfUafC,INFRASTRUCTURE,DEV_TOOLING
u1WKlwXPiiz9hDLSbsCU,CHALLENGE_SUBMISSION,DEFI
u8knEmFwYyuco3OAeJuc,DAPP,DEFI
u8pBuuNtroOP37LcHhLh,CHALLENGE_SUBMISSION,GAMING
uAMDik6akcxrqDASrMOk,DESIGN,GAMING
uGvQCDoU1fFwFzso92n5,DAPP,DEFI
uGwjHDk2TMjv1X2aDqDT,DAPP,DEFI
uQO2uhAowfTrADyubven,DESIGN,DEFI
uU67hRVvghLMXpRU7z8L,INFRASTRUCTURE,DEV_TOOLING
uW1HafUsswcp4FS3HFyZ,INFRASTRUCTURE,DEV_TOOLING
uafgHz8XYs3WJy7ZZoLP,DAPP,DEFI
ueXxPirX042xgCoOZne4,DAPP,DEFI
uf8PWvVh1UAaXevKwoZb,CHALLENGE_SUBMISSION,DEFI
ufTTWmHcmQ6co7wiUwZJ,INFRASTRUCTURE,DEFI
uuYlgFbTyWNMgjHQgPd6,CHALLENGE_SUBMISSION,DEFI
uxwiFkwgvDX6DqEvB7Uc,INFRASTRUCTURE,IDENTITY_REPUTATION
v0Rk8csZl68b10pq6YkN,INFRASTRUCTURE,DEV_TOOLING
vEmU6Uv9YFD73yBSb3IO,INFRASTRUCTURE,DEV_TOOLING
vJiwxpCWCSsMZgz75ovi,INFRASTRUCTURE,NFTS
vMM1pXJYSIULWyHVyFhv,CONTENT,DEV_TOOLING
vNb5Orj3RkJxmmXrrdyL,DAPP,DEFI
vR7wJ8Ev0XPdjnvEc75x,DAPP,NFTS
vRmJq9ZpZWABNNayi5lJ,CHALLENGE_SUBMISSION,DEFI
vSmFX7NNcm0MN1048Fbl,INFRASTRUCTURE,DEV_TOOLING
vX1Zrren9FXLNqpEPqlc,DAPP,DEFI
vcOx8fCR4Uy2H8g9dtsc,DAPP,SOCIAL
vcwjPBRk7Ejz8gQefvlF,CHALLENGE_SUBMISSION,DEV_TOOLING
vdImj8s1dQxAwYsswAnE,INFRASTRUCTURE,DEV_TOOLING
vdnfmY3dCg5TIQzGgh7Q,CHALLENGE_SUBMISSION,DEFI
vhU1PbYyY8SCDalz2LVb,DAPP,DEFI
vkuGY5uuYvZgWEhXLAab,DAPP,IDENTITY_REPUTATION
vqv4qXTj4MawKOhk0iaQ,CHALLENGE_SUBMISSION,DEFI
vskk4nsfjG684xUAgQne,DAPP,DEFI
w1Q9vzZMmdO3IkbkZV8O,DAPP,RWA_SUPPLY_CHAIN
w3UjsgeFiJdlz4hLBIRK,DESIGN,DEV_TOOLING
w7vJagNQpaGfuRwHi6Ux,DAPP,GAMING
w9sk2jArS7Se9TLtSjUP,CHALLENGE_SUBMISSION,NFTS
wBrRmzaBYrqfu9Zeh72H,CHALLENGE_SUBMISSION,DEFI
wCo8CFGe6SCCjdaNAc8F,CHALLENGE_SUBMISSION,GAMING
wD0Lw73HEOYS6Niit6Q5,DESIGN,DEV_TOOLING
wFHlrJS7ocoz5cW1aQxH,INFRASTRUCTURE,DEFI
wFejQrUwrCQSnnywx39k,CHALLENGE_SUBMISSION,DEFI
wNOQByLBNYMpaDWfZqyQ,DAPP,DEFI
wOp1BbIUa7JjAHjnSCa7,DAPP,DAOS_GOVERNANCE
wPVWGzfitkJCEE51jf2m,INFRASTRUCTURE,IDENTITY_REPUTATION
wQwvkJFUPbLgn8Dajhbu,DAPP,RWA_SUPPLY_CHAIN
wRj7gT8quVOaLpZdNziu,DAPP,DEFI
wSLRZXEF8zn9cAdjxHEV,CHALLENGE_SUBMISSION,DEFI
wUOdWVRxay0OjS2X6AHA,CHALLENGE_SUBMISSION,DEFI
wUcWrCaC42liWFPumSz3,DAPP,IDENTITY_REPUTATION
wXTeBZ21vOLtmgBzfEQq,DAPP,PREDICTION_MARKETS
wZqd0GEj1fvTmZEIGtkn,INFRASTRUCTURE,DEV_TOOLING
wafuCsEgt2fPNiB487gY,DAPP,DEFI
wdauUU1nDNxcI0fkBxUJ,CHALLENGE_SUBMISSION,DEFI
weLimgoNZuCzJK8Xy14O,CHALLENGE_SUBMISSION,NFTS
wlIGN5zDNNd5Fe56V5kp,INFRASTRUCTURE,IDENTITY_REPUTATION
wlvBvJN2Lgo3VOzyaU21,DAPP,DEFI
wqFGeBFPf4lnla7YVrBi,DAPP,DEV_TOOLING
wqNzT6Y0i6zlbFgxabPk,INFRASTRUCTURE,DEV_TOOLING
wrL5zKPUDWeOpdpd4Jhd,INFRASTRUCTURE,DEV_TOOLING
wrP1ZkMdOD8sOH2xDKgQ,CHALLENGE_SUBMISSION,DEFI
xA2SGI2N24pjG5pkrwCH,INFRASTRUCTURE,DEFI
xE6gt9Fw8I2hBZar5G5U,CHALLENGE_SUBMISSION,DEFI
xG36yWBOiIYNeb7ZYsoi,CHALLENGE_SUBMISSION,DEFI
xIowbu6Bho8ZsCNacmti,INFRASTRUCTURE,DEV_TOOLING
xQ7KIxSjvUqOVjPUl3R2,DAPP,DEFI
xQgol6gcNIwPSw1dqhfA,INFRASTRUCTURE,DEV_TOOLING
xT8wmf2kVxna6CdPoHO3,INFRASTRUCTURE,DEV_TOOLING
xTWX3tGApYjdyxe1FPg9,CHALLENGE_SUBMISSION,DEFI
xVf5oQosltInjBG4xGVf,CHALLENGE_SUBMISSION,GAMING
xVyEgNPEgPVig5YiuXFo,DAPP,SOCIAL
xatgGy6o5h012tKnDVwh,DAPP,RWA_SUPPLY_CHAIN
xcBD3Emmri5ZLavQvQKF,DAPP,NFTS
xdmIcLA8SW4yWWHvxF5z,CHALLENGE_SUBMISSION,NFTS
xfYdRHFfUxxOw0BBxuqk,CHALLENGE_SUBMISSION,DEFI
xgSEm2ObYoyLWrHE66mZ,CHALLENGE_SUBMISSION,DEFI
xnyJuyO6WykrQuB2YIPT,DAPP,NFTS
xorT7Cy1aIbv5IELIS3D,CHALLENGE_SUBMISSION,GAMING
xqH3jMAGep0iDDXjaX20,DAPP,DEFI
xqkVGQc9rL1oOwAHqj8y,DAPP,NFTS
xrZ07vgvUbsij4teHhHp,DAPP,DAOS_GOVERNANCE
xrizVOxoJJOBuIjvxahH,DAPP,SOCIAL
xrwybnzFMzS9ejeA6H5l,CHALLENGE_SUBMISSION,DEFI
xryGNLYUuMByNyziY7e3,DAPP,NFTS
xsyvzMnlVsLSRCkvgMmw,CHALLENGE_SUBMISSION,GAMING
xtyJlADh9iQ43yhE5I9X,CHALLENGE_SUBMISSION,GAMING
xw7WM7aj9BpQbtn6IvvR,DAPP,AI & Agents
y0DmRLsckDyEfxvd3qrX,DAPP,DEFI
y4fnvoI20CNLfcdWBt6V,INFRASTRUCTURE,DEV_TOOLING
y5cnihLQ4OhN7LHR3QbV,DAPP,DEV_TOOLING
y8OnH3udRRcS66hrEHTw,DESIGN,SOCIAL
y9o3qL4KoD7ymAZCyw6g,DAPP,NFTS
yAjhsOYaDv0bx5qjPVqJ,CHALLENGE_SUBMISSION,DEFI
yFjQnab8kEiOlwe5TNBA,OTHER,DEV_TOOLING
yHt0IhqXVk6Gff4jM3aO,DAPP,DEV_TOOLING
yIj6q9TZnzAUMR6B4eFX,INFRASTRUCTURE,DEFI
yJvAII6nfEp7tn0aH58e,CHALLENGE_SUBMISSION,DEFI
yMmVnxr2rxXpEqEreoBg,DAPP,DEFI
yMxkUqKJynFMjMQ6yF0G,CHALLENGE_SUBMISSION,GAMING
yPAw9FsOSAkH5SYnXfyQ,DAPP,DEV_TOOLING
yT0oBgX3bYfwpxVG8kLw,DAPP,SOCIAL
yVjdCgr7AAKd7NIz9FkP,INFRASTRUCTURE,DEV_TOOLING
yWl8zUeyv7yFOkKbF3tK,DAPP,DEV_TOOLING
ya5M33sQJN27L7GxAXqn,CHALLENGE_SUBMISSION,DEFI
ybVUhXdVm5VxINnkuyOi,CONTENT,DEV_TOOLING
ydNhk6vVmmDGLsysv8UV,INFRASTRUCTURE,DEV_TOOLING
yfZX9m5fXdidLTOE1bPW,CHALLENGE_SUBMISSION,DEFI
ylCv0xEAcJW7KVN5j8MM,DESIGN,SOCIAL
ylJurt3Fpqzm0UOh7Qiz,DAPP,SOCIAL
ylz61lTTtHpIFeHr69J8,DAPP,NFTS
yskfmjU2yMoI9n5Mq6pt,DAPP,DEFI
yvNY3CmezeaHC6VDKFSX,CHALLENGE_SUBMISSION,DEFI
yyDftoSXLloCDOyGFFZG,DESIGN,NFTS
z0EdYm9Ki5tg8QZ4oybU,INFRASTRUCTURE,DEV_TOOLING
z2ujI3fDxx0S4BLZOWnP,DAPP,DEV_TOOLING
zEDUPjtH0jE3CIEdiDfY,CHALLENGE_SUBMISSION,DEFI
zEccfrUojzkaHKrabBuE,DAPP,DEFI
zIUoWW2RdA4j5FuXCtkd,DAPP,PREDICTION_MARKETS
zLaqIhMq7WLT9P0Isf5E,DAPP,NFTS
zMXG92asvFAaLdxZH6YG,INFRASTRUCTURE,DEV_TOOLING
zSFFxk9rLHgp3J5a6UYv,CHALLENGE_SUBMISSION,DEFI
zSyjYlcBukTmuMcpVMn2,CHALLENGE_SUBMISSION,DEFI
zW2VhedSyQ4vbwUzn2Zk,DAPP,GAMING
zXT3qH9vwLWqvx8eso0W,DAPP,DEV_TOOLING
ze5AfmdgIHfid0R5wZW8,DAPP,DEFI
zmFIWR4LeeEMsoAH55Nm,CHALLENGE_SUBMISSION,DEFI
zprw95j9xRTSZpdcl3ZT,DAPP,SOCIAL
zrlotAYlNAy8pbekQU8y,DAPP,SOCIAL
zwDGMTUbpHs41LM4CcXg,DAPP,DAOS_GOVERNANCE
zyTPGPqlWhyGPbfxIQQI,INFRASTRUCTURE,DEV_TOOLING
